Copyright 1986-2022 Xilinx, Inc. All Rights Reserved. Copyright 2022-2025 Advanced Micro Devices, Inc. All Rights Reserved.
------------------------------------------------------------------------------------------------------------------------------------------------------------------------------------------------------------------------------------
| Tool Version : Vivado v.2025.2 (win64) Build 6299465 Fri Nov 14 19:35:11 GMT 2025
| Date         : Mon Jul 13 11:25:24 2026
| Host         : Heysomes running 64-bit major release  (build 9200)
| Command      : report_timing_summary -max_paths 10 -routable_nets -report_unconstrained -file top_fpga_timing_summary_routed.rpt -pb top_fpga_timing_summary_routed.pb -rpx top_fpga_timing_summary_routed.rpx -warn_on_violation
| Design       : top_fpga
| Device       : 7s25-csga324
| Speed File   : -1  PRODUCTION 1.23 2018-06-13
| Design State : Routed
------------------------------------------------------------------------------------------------------------------------------------------------------------------------------------------------------------------------------------

Timing Summary Report

------------------------------------------------------------------------------------------------
| Timer Settings
| --------------
------------------------------------------------------------------------------------------------

  Enable Multi Corner Analysis               :  Yes
  Enable Pessimism Removal                   :  Yes
  Pessimism Removal Resolution               :  Nearest Common Node
  Enable Input Delay Default Clock           :  No
  Enable Preset / Clear Arcs                 :  No
  Disable Flight Delays                      :  No
  Ignore I/O Paths                           :  No
  Timing Early Launch at Borrowing Latches   :  No
  Borrow Time for Max Delay Exceptions       :  Yes
  Merge Timing Exceptions                    :  Yes
  Inter-SLR Compensation                     :  Conservative

  Corner  Analyze    Analyze    
  Name    Max Paths  Min Paths  
  ------  ---------  ---------  
  Slow    Yes        Yes        
  Fast    Yes        Yes        


------------------------------------------------------------------------------------------------
| Report Methodology
| ------------------
------------------------------------------------------------------------------------------------

Rule       Severity  Description                                                Violations  
---------  --------  ---------------------------------------------------------  ----------  
SYNTH-5    Warning   Mapped onto distributed RAM because of timing constraints  512         
TIMING-18  Warning   Missing input or output delay                              10          

Note: This report is based on the most recent report_methodology run and may not be up-to-date. Run report_methodology on the current design for the latest report.



check_timing report

Table of Contents
-----------------
1. checking no_clock (0)
2. checking constant_clock (0)
3. checking pulse_width_clock (0)
4. checking unconstrained_internal_endpoints (0)
5. checking no_input_delay (6)
6. checking no_output_delay (1)
7. checking multiple_clock (0)
8. checking generated_clocks (0)
9. checking loops (0)
10. checking partial_input_delay (0)
11. checking partial_output_delay (0)
12. checking latch_loops (0)

1. checking no_clock (0)
------------------------
 There are 0 register/latch pins with no clock.


2. checking constant_clock (0)
------------------------------
 There are 0 register/latch pins with constant_clock.


3. checking pulse_width_clock (0)
---------------------------------
 There are 0 register/latch pins which need pulse_width check


4. checking unconstrained_internal_endpoints (0)
------------------------------------------------
 There are 0 pins that are not constrained for maximum delay.

 There are 0 pins that are not constrained for maximum delay due to constant clock.


5. checking no_input_delay (6)
------------------------------
 There are 6 input ports with no input delay specified. (HIGH)

 There are 0 input ports with no input delay but user has a false path constraint.


6. checking no_output_delay (1)
-------------------------------
 There is 1 port with no output delay specified. (HIGH)

 There are 0 ports with no output delay but user has a false path constraint

 There are 0 ports with no output delay but with a timing clock defined on it or propagating through it


7. checking multiple_clock (0)
------------------------------
 There are 0 register/latch pins with multiple clocks.


8. checking generated_clocks (0)
--------------------------------
 There are 0 generated clocks that are not connected to a clock source.


9. checking loops (0)
---------------------
 There are 0 combinational loops in the design.


10. checking partial_input_delay (0)
------------------------------------
 There are 0 input ports with partial input delay specified.


11. checking partial_output_delay (0)
-------------------------------------
 There are 0 ports with partial output delay specified.


12. checking latch_loops (0)
----------------------------
 There are 0 combinational latch loops in the design through latch input



------------------------------------------------------------------------------------------------
| Design Timing Summary
| ---------------------
------------------------------------------------------------------------------------------------

    WNS(ns)      TNS(ns)  TNS Failing Endpoints  TNS Total Endpoints      WHS(ns)      THS(ns)  THS Failing Endpoints  THS Total Endpoints     WPWS(ns)     TPWS(ns)  TPWS Failing Endpoints  TPWS Total Endpoints  
    -------      -------  ---------------------  -------------------      -------      -------  ---------------------  -------------------     --------     --------  ----------------------  --------------------  
      0.067        0.000                      0                23757        0.048        0.000                      0                23757        3.750        0.000                       0                  3632  


All user specified timing constraints are met.


------------------------------------------------------------------------------------------------
| Clock Summary
| -------------
------------------------------------------------------------------------------------------------

Clock        Waveform(ns)       Period(ns)      Frequency(MHz)
-----        ------------       ----------      --------------
sys_clk_pin  {0.000 5.000}      10.000          100.000         


------------------------------------------------------------------------------------------------
| Intra Clock Table
| -----------------
------------------------------------------------------------------------------------------------

Clock             WNS(ns)      TNS(ns)  TNS Failing Endpoints  TNS Total Endpoints      WHS(ns)      THS(ns)  THS Failing Endpoints  THS Total Endpoints     WPWS(ns)     TPWS(ns)  TPWS Failing Endpoints  TPWS Total Endpoints  
-----             -------      -------  ---------------------  -------------------      -------      -------  ---------------------  -------------------     --------     --------  ----------------------  --------------------  
sys_clk_pin         0.067        0.000                      0                23757        0.048        0.000                      0                23757        3.750        0.000                       0                  3632  


------------------------------------------------------------------------------------------------
| Inter Clock Table
| -----------------
------------------------------------------------------------------------------------------------

From Clock    To Clock          WNS(ns)      TNS(ns)  TNS Failing Endpoints  TNS Total Endpoints      WHS(ns)      THS(ns)  THS Failing Endpoints  THS Total Endpoints  
----------    --------          -------      -------  ---------------------  -------------------      -------      -------  ---------------------  -------------------  


------------------------------------------------------------------------------------------------
| Other Path Groups Table
| -----------------------
------------------------------------------------------------------------------------------------

Path Group    From Clock    To Clock          WNS(ns)      TNS(ns)  TNS Failing Endpoints  TNS Total Endpoints      WHS(ns)      THS(ns)  THS Failing Endpoints  THS Total Endpoints  
----------    ----------    --------          -------      -------  ---------------------  -------------------      -------      -------  ---------------------  -------------------  


------------------------------------------------------------------------------------------------
| User Ignored Path Table
| -----------------------
------------------------------------------------------------------------------------------------

Path Group    From Clock    To Clock    
----------    ----------    --------    


------------------------------------------------------------------------------------------------
| Unconstrained Path Table
| ------------------------
------------------------------------------------------------------------------------------------

Path Group    From Clock    To Clock    
----------    ----------    --------    
(none)        sys_clk_pin                 
(none)                      sys_clk_pin   


------------------------------------------------------------------------------------------------
| Timing Details
| --------------
------------------------------------------------------------------------------------------------


---------------------------------------------------------------------------------------------------
From Clock:  sys_clk_pin
  To Clock:  sys_clk_pin

Setup :            0  Failing Endpoints,  Worst Slack        0.067ns,  Total Violation        0.000ns
Hold  :            0  Failing Endpoints,  Worst Slack        0.048ns,  Total Violation        0.000ns
PW    :            0  Failing Endpoints,  Worst Slack        3.750ns,  Total Violation        0.000ns
---------------------------------------------------------------------------------------------------


Max Delay Paths
--------------------------------------------------------------------------------------
Slack (MET) :             0.067ns  (required time - arrival time)
  Source:                 cpu/mem_wb_register_inst/wb_rd_reg[2]/C
                            (rising edge-triggered cell FDRE clocked by sys_clk_pin  {rise@0.000ns fall@5.000ns period=10.000ns})
  Destination:            cpu/if_stage_inst/pc_inst/pc_out_reg[30]/D
                            (rising edge-triggered cell FDRE clocked by sys_clk_pin  {rise@0.000ns fall@5.000ns period=10.000ns})
  Path Group:             sys_clk_pin
  Path Type:              Setup (Max at Slow Process Corner)
  Requirement:            10.000ns  (sys_clk_pin rise@10.000ns - sys_clk_pin rise@0.000ns)
  Data Path Delay:        9.842ns  (logic 3.670ns (37.290%)  route 6.172ns (62.710%))
  Logic Levels:           17  (CARRY4=10 LUT3=1 LUT4=1 LUT5=2 LUT6=3)
  Clock Path Skew:        -0.117ns (DCD - SCD + CPR)
    Destination Clock Delay (DCD):    4.210ns = ( 14.210 - 10.000 ) 
    Source Clock Delay      (SCD):    4.482ns
    Clock Pessimism Removal (CPR):    0.155ns
  Clock Uncertainty:      0.035ns  ((TSJ^2 + TIJ^2)^1/2 + DJ) / 2 + PE
    Total System Jitter     (TSJ):    0.071ns
    Total Input Jitter      (TIJ):    0.000ns
    Discrete Jitter          (DJ):    0.000ns
    Phase Error              (PE):    0.000ns

    Location             Delay type                Incr(ns)  Path(ns)    Netlist Resource(s)
  -------------------------------------------------------------------    -------------------
                         (clock sys_clk_pin rise edge)
                                                      0.000     0.000 r  
    R2                                                0.000     0.000 r  CLK100MHZ (IN)
                         net (fo=0)                   0.000     0.000    CLK100MHZ
    R2                   IBUF (Prop_ibuf_I_O)         0.880     0.880 r  CLK100MHZ_IBUF_inst/O
                         net (fo=1, routed)           1.962     2.841    CLK100MHZ_IBUF
    BUFGCTRL_X0Y0        BUFG (Prop_bufg_I_O)         0.096     2.937 r  CLK100MHZ_IBUF_BUFG_inst/O
                         net (fo=3631, routed)        1.545     4.482    cpu/mem_wb_register_inst/CLK100MHZ_IBUF_BUFG
    SLICE_X17Y61         FDRE                                         r  cpu/mem_wb_register_inst/wb_rd_reg[2]/C
  -------------------------------------------------------------------    -------------------
    SLICE_X17Y61         FDRE (Prop_fdre_C_Q)         0.419     4.901 r  cpu/mem_wb_register_inst/wb_rd_reg[2]/Q
                         net (fo=34, routed)          0.869     5.771    cpu/id_ex_register_inst/mem_write_data[31]_i_3[2]
    SLICE_X16Y61         LUT6 (Prop_lut6_I4_O)        0.299     6.070 f  cpu/id_ex_register_inst/mem_write_data[31]_i_8/O
                         net (fo=1, routed)           0.436     6.505    cpu/mem_wb_register_inst/mem_write_data_reg[1]_2
    SLICE_X17Y60         LUT6 (Prop_lut6_I3_O)        0.124     6.629 r  cpu/mem_wb_register_inst/mem_write_data[31]_i_3/O
                         net (fo=32, routed)          1.108     7.737    cpu/ex_mem_register_inst/mem_write_data_reg[0]_0
    SLICE_X16Y65         LUT5 (Prop_lut5_I1_O)        0.124     7.861 r  cpu/ex_mem_register_inst/mem_write_data[16]_i_1/O
                         net (fo=2, routed)           0.647     8.508    cpu/id_ex_register_inst/forwarded_rs2_data[16]
    SLICE_X11Y66         LUT3 (Prop_lut3_I2_O)        0.124     8.632 r  cpu/id_ex_register_inst/mem_alu_result[16]_i_7/O
                         net (fo=6, routed)           0.894     9.526    cpu/id_ex_register_inst/ex_alu_B[16]
    SLICE_X11Y60         LUT4 (Prop_lut4_I0_O)        0.124     9.650 r  cpu/id_ex_register_inst/pc_out[0]_i_41/O
                         net (fo=2, routed)           0.625    10.275    cpu/id_ex_register_inst/pc_out[0]_i_41_n_0
    SLICE_X11Y63         CARRY4 (Prop_carry4_DI[0]_CO[3])
                                                      0.526    10.801 r  cpu/id_ex_register_inst/pc_out_reg[0]_i_19/CO[3]
                         net (fo=1, routed)           0.000    10.801    cpu/id_ex_register_inst/pc_out_reg[0]_i_19_n_0
    SLICE_X11Y64         CARRY4 (Prop_carry4_CI_CO[3])
                                                      0.114    10.915 r  cpu/id_ex_register_inst/pc_out_reg[0]_i_9/CO[3]
                         net (fo=2, routed)           0.804    11.719    cpu/id_ex_register_inst/ex_alu_less
    SLICE_X12Y66         LUT6 (Prop_lut6_I5_O)        0.124    11.843 r  cpu/id_ex_register_inst/pc_out[0]_i_3/O
                         net (fo=34, routed)          0.789    12.632    cpu/id_ex_register_inst/p_2_in
    SLICE_X13Y63         LUT5 (Prop_lut5_I4_O)        0.124    12.756 r  cpu/id_ex_register_inst/pc_out[1]_i_5/O
                         net (fo=1, routed)           0.000    12.756    cpu/id_ex_register_inst/pc_out[1]_i_5_n_0
    SLICE_X13Y63         CARRY4 (Prop_carry4_S[1]_CO[3])
                                                      0.550    13.306 r  cpu/id_ex_register_inst/pc_out_reg[1]_i_1/CO[3]
                         net (fo=1, routed)           0.000    13.306    cpu/id_ex_register_inst/pc_out_reg[1]_i_1_n_0
    SLICE_X13Y64         CARRY4 (Prop_carry4_CI_CO[3])
                                                      0.114    13.420 r  cpu/id_ex_register_inst/pc_out_reg[5]_i_1/CO[3]
                         net (fo=1, routed)           0.000    13.420    cpu/id_ex_register_inst/pc_out_reg[5]_i_1_n_0
    SLICE_X13Y65         CARRY4 (Prop_carry4_CI_CO[3])
                                                      0.114    13.534 r  cpu/id_ex_register_inst/pc_out_reg[9]_i_1/CO[3]
                         net (fo=1, routed)           0.000    13.534    cpu/id_ex_register_inst/pc_out_reg[9]_i_1_n_0
    SLICE_X13Y66         CARRY4 (Prop_carry4_CI_CO[3])
                                                      0.114    13.648 r  cpu/id_ex_register_inst/pc_out_reg[13]_i_1/CO[3]
                         net (fo=1, routed)           0.000    13.648    cpu/id_ex_register_inst/pc_out_reg[13]_i_1_n_0
    SLICE_X13Y67         CARRY4 (Prop_carry4_CI_CO[3])
                                                      0.114    13.762 r  cpu/id_ex_register_inst/pc_out_reg[17]_i_1/CO[3]
                         net (fo=1, routed)           0.000    13.762    cpu/id_ex_register_inst/pc_out_reg[17]_i_1_n_0
    SLICE_X13Y68         CARRY4 (Prop_carry4_CI_CO[3])
                                                      0.114    13.876 r  cpu/id_ex_register_inst/pc_out_reg[21]_i_1/CO[3]
                         net (fo=1, routed)           0.000    13.876    cpu/id_ex_register_inst/pc_out_reg[21]_i_1_n_0
    SLICE_X13Y69         CARRY4 (Prop_carry4_CI_CO[3])
                                                      0.114    13.990 r  cpu/id_ex_register_inst/pc_out_reg[25]_i_1/CO[3]
                         net (fo=1, routed)           0.000    13.990    cpu/id_ex_register_inst/pc_out_reg[25]_i_1_n_0
    SLICE_X13Y70         CARRY4 (Prop_carry4_CI_O[1])
                                                      0.334    14.324 r  cpu/id_ex_register_inst/pc_out_reg[29]_i_1/O[1]
                         net (fo=1, routed)           0.000    14.324    cpu/if_stage_inst/pc_inst/pc_out_reg[31]_0[1]
    SLICE_X13Y70         FDRE                                         r  cpu/if_stage_inst/pc_inst/pc_out_reg[30]/D
  -------------------------------------------------------------------    -------------------

                         (clock sys_clk_pin rise edge)
                                                     10.000    10.000 r  
    R2                                                0.000    10.000 r  CLK100MHZ (IN)
                         net (fo=0)                   0.000    10.000    CLK100MHZ
    R2                   IBUF (Prop_ibuf_I_O)         0.839    10.839 r  CLK100MHZ_IBUF_inst/O
                         net (fo=1, routed)           1.859    12.698    CLK100MHZ_IBUF
    BUFGCTRL_X0Y0        BUFG (Prop_bufg_I_O)         0.091    12.789 r  CLK100MHZ_IBUF_BUFG_inst/O
                         net (fo=3631, routed)        1.421    14.210    cpu/if_stage_inst/pc_inst/CLK100MHZ_IBUF_BUFG
    SLICE_X13Y70         FDRE                                         r  cpu/if_stage_inst/pc_inst/pc_out_reg[30]/C
                         clock pessimism              0.155    14.365    
                         clock uncertainty           -0.035    14.330    
    SLICE_X13Y70         FDRE (Setup_fdre_C_D)        0.062    14.392    cpu/if_stage_inst/pc_inst/pc_out_reg[30]
  -------------------------------------------------------------------
                         required time                         14.392    
                         arrival time                         -14.324    
  -------------------------------------------------------------------
                         slack                                  0.067    

Slack (MET) :             0.105ns  (required time - arrival time)
  Source:                 cpu/mem_wb_register_inst/wb_rd_reg[2]/C
                            (rising edge-triggered cell FDRE clocked by sys_clk_pin  {rise@0.000ns fall@5.000ns period=10.000ns})
  Destination:            cpu/id_ex_register_inst/ex_rs1_data_reg[26]/R
                            (rising edge-triggered cell FDRE clocked by sys_clk_pin  {rise@0.000ns fall@5.000ns period=10.000ns})
  Path Group:             sys_clk_pin
  Path Type:              Setup (Max at Slow Process Corner)
  Requirement:            10.000ns  (sys_clk_pin rise@10.000ns - sys_clk_pin rise@0.000ns)
  Data Path Delay:        9.286ns  (logic 2.102ns (22.637%)  route 7.184ns (77.363%))
  Logic Levels:           9  (CARRY4=2 LUT3=1 LUT4=1 LUT5=1 LUT6=4)
  Clock Path Skew:        -0.050ns (DCD - SCD + CPR)
    Destination Clock Delay (DCD):    4.206ns = ( 14.206 - 10.000 ) 
    Source Clock Delay      (SCD):    4.482ns
    Clock Pessimism Removal (CPR):    0.226ns
  Clock Uncertainty:      0.035ns  ((TSJ^2 + TIJ^2)^1/2 + DJ) / 2 + PE
    Total System Jitter     (TSJ):    0.071ns
    Total Input Jitter      (TIJ):    0.000ns
    Discrete Jitter          (DJ):    0.000ns
    Phase Error              (PE):    0.000ns

    Location             Delay type                Incr(ns)  Path(ns)    Netlist Resource(s)
  -------------------------------------------------------------------    -------------------
                         (clock sys_clk_pin rise edge)
                                                      0.000     0.000 r  
    R2                                                0.000     0.000 r  CLK100MHZ (IN)
                         net (fo=0)                   0.000     0.000    CLK100MHZ
    R2                   IBUF (Prop_ibuf_I_O)         0.880     0.880 r  CLK100MHZ_IBUF_inst/O
                         net (fo=1, routed)           1.962     2.841    CLK100MHZ_IBUF
    BUFGCTRL_X0Y0        BUFG (Prop_bufg_I_O)         0.096     2.937 r  CLK100MHZ_IBUF_BUFG_inst/O
                         net (fo=3631, routed)        1.545     4.482    cpu/mem_wb_register_inst/CLK100MHZ_IBUF_BUFG
    SLICE_X17Y61         FDRE                                         r  cpu/mem_wb_register_inst/wb_rd_reg[2]/C
  -------------------------------------------------------------------    -------------------
    SLICE_X17Y61         FDRE (Prop_fdre_C_Q)         0.419     4.901 r  cpu/mem_wb_register_inst/wb_rd_reg[2]/Q
                         net (fo=34, routed)          0.869     5.771    cpu/id_ex_register_inst/mem_write_data[31]_i_3[2]
    SLICE_X16Y61         LUT6 (Prop_lut6_I4_O)        0.299     6.070 f  cpu/id_ex_register_inst/mem_write_data[31]_i_8/O
                         net (fo=1, routed)           0.436     6.505    cpu/mem_wb_register_inst/mem_write_data_reg[1]_2
    SLICE_X17Y60         LUT6 (Prop_lut6_I3_O)        0.124     6.629 r  cpu/mem_wb_register_inst/mem_write_data[31]_i_3/O
                         net (fo=32, routed)          1.108     7.737    cpu/ex_mem_register_inst/mem_write_data_reg[0]_0
    SLICE_X16Y65         LUT5 (Prop_lut5_I1_O)        0.124     7.861 r  cpu/ex_mem_register_inst/mem_write_data[16]_i_1/O
                         net (fo=2, routed)           0.647     8.508    cpu/id_ex_register_inst/forwarded_rs2_data[16]
    SLICE_X11Y66         LUT3 (Prop_lut3_I2_O)        0.124     8.632 r  cpu/id_ex_register_inst/mem_alu_result[16]_i_7/O
                         net (fo=6, routed)           0.894     9.526    cpu/id_ex_register_inst/ex_alu_B[16]
    SLICE_X11Y60         LUT4 (Prop_lut4_I0_O)        0.124     9.650 r  cpu/id_ex_register_inst/pc_out[0]_i_41/O
                         net (fo=2, routed)           0.625    10.275    cpu/id_ex_register_inst/pc_out[0]_i_41_n_0
    SLICE_X11Y63         CARRY4 (Prop_carry4_DI[0]_CO[3])
                                                      0.526    10.801 r  cpu/id_ex_register_inst/pc_out_reg[0]_i_19/CO[3]
                         net (fo=1, routed)           0.000    10.801    cpu/id_ex_register_inst/pc_out_reg[0]_i_19_n_0
    SLICE_X11Y64         CARRY4 (Prop_carry4_CI_CO[3])
                                                      0.114    10.915 r  cpu/id_ex_register_inst/pc_out_reg[0]_i_9/CO[3]
                         net (fo=2, routed)           0.804    11.719    cpu/id_ex_register_inst/ex_alu_less
    SLICE_X12Y66         LUT6 (Prop_lut6_I5_O)        0.124    11.843 r  cpu/id_ex_register_inst/pc_out[0]_i_3/O
                         net (fo=34, routed)          0.353    12.196    cpu/ex_mem_register_inst/p_2_in
    SLICE_X12Y66         LUT6 (Prop_lut6_I5_O)        0.124    12.320 r  cpu/ex_mem_register_inst/ex_rd[4]_i_1/O
                         net (fo=149, routed)         1.448    13.768    cpu/id_ex_register_inst/SR[0]
    SLICE_X26Y75         FDRE                                         r  cpu/id_ex_register_inst/ex_rs1_data_reg[26]/R
  -------------------------------------------------------------------    -------------------

                         (clock sys_clk_pin rise edge)
                                                     10.000    10.000 r  
    R2                                                0.000    10.000 r  CLK100MHZ (IN)
                         net (fo=0)                   0.000    10.000    CLK100MHZ
    R2                   IBUF (Prop_ibuf_I_O)         0.839    10.839 r  CLK100MHZ_IBUF_inst/O
                         net (fo=1, routed)           1.859    12.698    CLK100MHZ_IBUF
    BUFGCTRL_X0Y0        BUFG (Prop_bufg_I_O)         0.091    12.789 r  CLK100MHZ_IBUF_BUFG_inst/O
                         net (fo=3631, routed)        1.417    14.206    cpu/id_ex_register_inst/CLK100MHZ_IBUF_BUFG
    SLICE_X26Y75         FDRE                                         r  cpu/id_ex_register_inst/ex_rs1_data_reg[26]/C
                         clock pessimism              0.226    14.432    
                         clock uncertainty           -0.035    14.397    
    SLICE_X26Y75         FDRE (Setup_fdre_C_R)       -0.524    13.873    cpu/id_ex_register_inst/ex_rs1_data_reg[26]
  -------------------------------------------------------------------
                         required time                         13.873    
                         arrival time                         -13.768    
  -------------------------------------------------------------------
                         slack                                  0.105    

Slack (MET) :             0.162ns  (required time - arrival time)
  Source:                 cpu/mem_wb_register_inst/wb_rd_reg[2]/C
                            (rising edge-triggered cell FDRE clocked by sys_clk_pin  {rise@0.000ns fall@5.000ns period=10.000ns})
  Destination:            cpu/if_stage_inst/pc_inst/pc_out_reg[31]/D
                            (rising edge-triggered cell FDRE clocked by sys_clk_pin  {rise@0.000ns fall@5.000ns period=10.000ns})
  Path Group:             sys_clk_pin
  Path Type:              Setup (Max at Slow Process Corner)
  Requirement:            10.000ns  (sys_clk_pin rise@10.000ns - sys_clk_pin rise@0.000ns)
  Data Path Delay:        9.747ns  (logic 3.575ns (36.678%)  route 6.172ns (63.322%))
  Logic Levels:           17  (CARRY4=10 LUT3=1 LUT4=1 LUT5=2 LUT6=3)
  Clock Path Skew:        -0.117ns (DCD - SCD + CPR)
    Destination Clock Delay (DCD):    4.210ns = ( 14.210 - 10.000 ) 
    Source Clock Delay      (SCD):    4.482ns
    Clock Pessimism Removal (CPR):    0.155ns
  Clock Uncertainty:      0.035ns  ((TSJ^2 + TIJ^2)^1/2 + DJ) / 2 + PE
    Total System Jitter     (TSJ):    0.071ns
    Total Input Jitter      (TIJ):    0.000ns
    Discrete Jitter          (DJ):    0.000ns
    Phase Error              (PE):    0.000ns

    Location             Delay type                Incr(ns)  Path(ns)    Netlist Resource(s)
  -------------------------------------------------------------------    -------------------
                         (clock sys_clk_pin rise edge)
                                                      0.000     0.000 r  
    R2                                                0.000     0.000 r  CLK100MHZ (IN)
                         net (fo=0)                   0.000     0.000    CLK100MHZ
    R2                   IBUF (Prop_ibuf_I_O)         0.880     0.880 r  CLK100MHZ_IBUF_inst/O
                         net (fo=1, routed)           1.962     2.841    CLK100MHZ_IBUF
    BUFGCTRL_X0Y0        BUFG (Prop_bufg_I_O)         0.096     2.937 r  CLK100MHZ_IBUF_BUFG_inst/O
                         net (fo=3631, routed)        1.545     4.482    cpu/mem_wb_register_inst/CLK100MHZ_IBUF_BUFG
    SLICE_X17Y61         FDRE                                         r  cpu/mem_wb_register_inst/wb_rd_reg[2]/C
  -------------------------------------------------------------------    -------------------
    SLICE_X17Y61         FDRE (Prop_fdre_C_Q)         0.419     4.901 r  cpu/mem_wb_register_inst/wb_rd_reg[2]/Q
                         net (fo=34, routed)          0.869     5.771    cpu/id_ex_register_inst/mem_write_data[31]_i_3[2]
    SLICE_X16Y61         LUT6 (Prop_lut6_I4_O)        0.299     6.070 f  cpu/id_ex_register_inst/mem_write_data[31]_i_8/O
                         net (fo=1, routed)           0.436     6.505    cpu/mem_wb_register_inst/mem_write_data_reg[1]_2
    SLICE_X17Y60         LUT6 (Prop_lut6_I3_O)        0.124     6.629 r  cpu/mem_wb_register_inst/mem_write_data[31]_i_3/O
                         net (fo=32, routed)          1.108     7.737    cpu/ex_mem_register_inst/mem_write_data_reg[0]_0
    SLICE_X16Y65         LUT5 (Prop_lut5_I1_O)        0.124     7.861 r  cpu/ex_mem_register_inst/mem_write_data[16]_i_1/O
                         net (fo=2, routed)           0.647     8.508    cpu/id_ex_register_inst/forwarded_rs2_data[16]
    SLICE_X11Y66         LUT3 (Prop_lut3_I2_O)        0.124     8.632 r  cpu/id_ex_register_inst/mem_alu_result[16]_i_7/O
                         net (fo=6, routed)           0.894     9.526    cpu/id_ex_register_inst/ex_alu_B[16]
    SLICE_X11Y60         LUT4 (Prop_lut4_I0_O)        0.124     9.650 r  cpu/id_ex_register_inst/pc_out[0]_i_41/O
                         net (fo=2, routed)           0.625    10.275    cpu/id_ex_register_inst/pc_out[0]_i_41_n_0
    SLICE_X11Y63         CARRY4 (Prop_carry4_DI[0]_CO[3])
                                                      0.526    10.801 r  cpu/id_ex_register_inst/pc_out_reg[0]_i_19/CO[3]
                         net (fo=1, routed)           0.000    10.801    cpu/id_ex_register_inst/pc_out_reg[0]_i_19_n_0
    SLICE_X11Y64         CARRY4 (Prop_carry4_CI_CO[3])
                                                      0.114    10.915 r  cpu/id_ex_register_inst/pc_out_reg[0]_i_9/CO[3]
                         net (fo=2, routed)           0.804    11.719    cpu/id_ex_register_inst/ex_alu_less
    SLICE_X12Y66         LUT6 (Prop_lut6_I5_O)        0.124    11.843 r  cpu/id_ex_register_inst/pc_out[0]_i_3/O
                         net (fo=34, routed)          0.789    12.632    cpu/id_ex_register_inst/p_2_in
    SLICE_X13Y63         LUT5 (Prop_lut5_I4_O)        0.124    12.756 r  cpu/id_ex_register_inst/pc_out[1]_i_5/O
                         net (fo=1, routed)           0.000    12.756    cpu/id_ex_register_inst/pc_out[1]_i_5_n_0
    SLICE_X13Y63         CARRY4 (Prop_carry4_S[1]_CO[3])
                                                      0.550    13.306 r  cpu/id_ex_register_inst/pc_out_reg[1]_i_1/CO[3]
                         net (fo=1, routed)           0.000    13.306    cpu/id_ex_register_inst/pc_out_reg[1]_i_1_n_0
    SLICE_X13Y64         CARRY4 (Prop_carry4_CI_CO[3])
                                                      0.114    13.420 r  cpu/id_ex_register_inst/pc_out_reg[5]_i_1/CO[3]
                         net (fo=1, routed)           0.000    13.420    cpu/id_ex_register_inst/pc_out_reg[5]_i_1_n_0
    SLICE_X13Y65         CARRY4 (Prop_carry4_CI_CO[3])
                                                      0.114    13.534 r  cpu/id_ex_register_inst/pc_out_reg[9]_i_1/CO[3]
                         net (fo=1, routed)           0.000    13.534    cpu/id_ex_register_inst/pc_out_reg[9]_i_1_n_0
    SLICE_X13Y66         CARRY4 (Prop_carry4_CI_CO[3])
                                                      0.114    13.648 r  cpu/id_ex_register_inst/pc_out_reg[13]_i_1/CO[3]
                         net (fo=1, routed)           0.000    13.648    cpu/id_ex_register_inst/pc_out_reg[13]_i_1_n_0
    SLICE_X13Y67         CARRY4 (Prop_carry4_CI_CO[3])
                                                      0.114    13.762 r  cpu/id_ex_register_inst/pc_out_reg[17]_i_1/CO[3]
                         net (fo=1, routed)           0.000    13.762    cpu/id_ex_register_inst/pc_out_reg[17]_i_1_n_0
    SLICE_X13Y68         CARRY4 (Prop_carry4_CI_CO[3])
                                                      0.114    13.876 r  cpu/id_ex_register_inst/pc_out_reg[21]_i_1/CO[3]
                         net (fo=1, routed)           0.000    13.876    cpu/id_ex_register_inst/pc_out_reg[21]_i_1_n_0
    SLICE_X13Y69         CARRY4 (Prop_carry4_CI_CO[3])
                                                      0.114    13.990 r  cpu/id_ex_register_inst/pc_out_reg[25]_i_1/CO[3]
                         net (fo=1, routed)           0.000    13.990    cpu/id_ex_register_inst/pc_out_reg[25]_i_1_n_0
    SLICE_X13Y70         CARRY4 (Prop_carry4_CI_O[2])
                                                      0.239    14.229 r  cpu/id_ex_register_inst/pc_out_reg[29]_i_1/O[2]
                         net (fo=1, routed)           0.000    14.229    cpu/if_stage_inst/pc_inst/pc_out_reg[31]_0[2]
    SLICE_X13Y70         FDRE                                         r  cpu/if_stage_inst/pc_inst/pc_out_reg[31]/D
  -------------------------------------------------------------------    -------------------

                         (clock sys_clk_pin rise edge)
                                                     10.000    10.000 r  
    R2                                                0.000    10.000 r  CLK100MHZ (IN)
                         net (fo=0)                   0.000    10.000    CLK100MHZ
    R2                   IBUF (Prop_ibuf_I_O)         0.839    10.839 r  CLK100MHZ_IBUF_inst/O
                         net (fo=1, routed)           1.859    12.698    CLK100MHZ_IBUF
    BUFGCTRL_X0Y0        BUFG (Prop_bufg_I_O)         0.091    12.789 r  CLK100MHZ_IBUF_BUFG_inst/O
                         net (fo=3631, routed)        1.421    14.210    cpu/if_stage_inst/pc_inst/CLK100MHZ_IBUF_BUFG
    SLICE_X13Y70         FDRE                                         r  cpu/if_stage_inst/pc_inst/pc_out_reg[31]/C
                         clock pessimism              0.155    14.365    
                         clock uncertainty           -0.035    14.330    
    SLICE_X13Y70         FDRE (Setup_fdre_C_D)        0.062    14.392    cpu/if_stage_inst/pc_inst/pc_out_reg[31]
  -------------------------------------------------------------------
                         required time                         14.392    
                         arrival time                         -14.229    
  -------------------------------------------------------------------
                         slack                                  0.162    

Slack (MET) :             0.178ns  (required time - arrival time)
  Source:                 cpu/mem_wb_register_inst/wb_rd_reg[2]/C
                            (rising edge-triggered cell FDRE clocked by sys_clk_pin  {rise@0.000ns fall@5.000ns period=10.000ns})
  Destination:            cpu/if_stage_inst/pc_inst/pc_out_reg[29]/D
                            (rising edge-triggered cell FDRE clocked by sys_clk_pin  {rise@0.000ns fall@5.000ns period=10.000ns})
  Path Group:             sys_clk_pin
  Path Type:              Setup (Max at Slow Process Corner)
  Requirement:            10.000ns  (sys_clk_pin rise@10.000ns - sys_clk_pin rise@0.000ns)
  Data Path Delay:        9.731ns  (logic 3.559ns (36.574%)  route 6.172ns (63.426%))
  Logic Levels:           17  (CARRY4=10 LUT3=1 LUT4=1 LUT5=2 LUT6=3)
  Clock Path Skew:        -0.117ns (DCD - SCD + CPR)
    Destination Clock Delay (DCD):    4.210ns = ( 14.210 - 10.000 ) 
    Source Clock Delay      (SCD):    4.482ns
    Clock Pessimism Removal (CPR):    0.155ns
  Clock Uncertainty:      0.035ns  ((TSJ^2 + TIJ^2)^1/2 + DJ) / 2 + PE
    Total System Jitter     (TSJ):    0.071ns
    Total Input Jitter      (TIJ):    0.000ns
    Discrete Jitter          (DJ):    0.000ns
    Phase Error              (PE):    0.000ns

    Location             Delay type                Incr(ns)  Path(ns)    Netlist Resource(s)
  -------------------------------------------------------------------    -------------------
                         (clock sys_clk_pin rise edge)
                                                      0.000     0.000 r  
    R2                                                0.000     0.000 r  CLK100MHZ (IN)
                         net (fo=0)                   0.000     0.000    CLK100MHZ
    R2                   IBUF (Prop_ibuf_I_O)         0.880     0.880 r  CLK100MHZ_IBUF_inst/O
                         net (fo=1, routed)           1.962     2.841    CLK100MHZ_IBUF
    BUFGCTRL_X0Y0        BUFG (Prop_bufg_I_O)         0.096     2.937 r  CLK100MHZ_IBUF_BUFG_inst/O
                         net (fo=3631, routed)        1.545     4.482    cpu/mem_wb_register_inst/CLK100MHZ_IBUF_BUFG
    SLICE_X17Y61         FDRE                                         r  cpu/mem_wb_register_inst/wb_rd_reg[2]/C
  -------------------------------------------------------------------    -------------------
    SLICE_X17Y61         FDRE (Prop_fdre_C_Q)         0.419     4.901 r  cpu/mem_wb_register_inst/wb_rd_reg[2]/Q
                         net (fo=34, routed)          0.869     5.771    cpu/id_ex_register_inst/mem_write_data[31]_i_3[2]
    SLICE_X16Y61         LUT6 (Prop_lut6_I4_O)        0.299     6.070 f  cpu/id_ex_register_inst/mem_write_data[31]_i_8/O
                         net (fo=1, routed)           0.436     6.505    cpu/mem_wb_register_inst/mem_write_data_reg[1]_2
    SLICE_X17Y60         LUT6 (Prop_lut6_I3_O)        0.124     6.629 r  cpu/mem_wb_register_inst/mem_write_data[31]_i_3/O
                         net (fo=32, routed)          1.108     7.737    cpu/ex_mem_register_inst/mem_write_data_reg[0]_0
    SLICE_X16Y65         LUT5 (Prop_lut5_I1_O)        0.124     7.861 r  cpu/ex_mem_register_inst/mem_write_data[16]_i_1/O
                         net (fo=2, routed)           0.647     8.508    cpu/id_ex_register_inst/forwarded_rs2_data[16]
    SLICE_X11Y66         LUT3 (Prop_lut3_I2_O)        0.124     8.632 r  cpu/id_ex_register_inst/mem_alu_result[16]_i_7/O
                         net (fo=6, routed)           0.894     9.526    cpu/id_ex_register_inst/ex_alu_B[16]
    SLICE_X11Y60         LUT4 (Prop_lut4_I0_O)        0.124     9.650 r  cpu/id_ex_register_inst/pc_out[0]_i_41/O
                         net (fo=2, routed)           0.625    10.275    cpu/id_ex_register_inst/pc_out[0]_i_41_n_0
    SLICE_X11Y63         CARRY4 (Prop_carry4_DI[0]_CO[3])
                                                      0.526    10.801 r  cpu/id_ex_register_inst/pc_out_reg[0]_i_19/CO[3]
                         net (fo=1, routed)           0.000    10.801    cpu/id_ex_register_inst/pc_out_reg[0]_i_19_n_0
    SLICE_X11Y64         CARRY4 (Prop_carry4_CI_CO[3])
                                                      0.114    10.915 r  cpu/id_ex_register_inst/pc_out_reg[0]_i_9/CO[3]
                         net (fo=2, routed)           0.804    11.719    cpu/id_ex_register_inst/ex_alu_less
    SLICE_X12Y66         LUT6 (Prop_lut6_I5_O)        0.124    11.843 r  cpu/id_ex_register_inst/pc_out[0]_i_3/O
                         net (fo=34, routed)          0.789    12.632    cpu/id_ex_register_inst/p_2_in
    SLICE_X13Y63         LUT5 (Prop_lut5_I4_O)        0.124    12.756 r  cpu/id_ex_register_inst/pc_out[1]_i_5/O
                         net (fo=1, routed)           0.000    12.756    cpu/id_ex_register_inst/pc_out[1]_i_5_n_0
    SLICE_X13Y63         CARRY4 (Prop_carry4_S[1]_CO[3])
                                                      0.550    13.306 r  cpu/id_ex_register_inst/pc_out_reg[1]_i_1/CO[3]
                         net (fo=1, routed)           0.000    13.306    cpu/id_ex_register_inst/pc_out_reg[1]_i_1_n_0
    SLICE_X13Y64         CARRY4 (Prop_carry4_CI_CO[3])
                                                      0.114    13.420 r  cpu/id_ex_register_inst/pc_out_reg[5]_i_1/CO[3]
                         net (fo=1, routed)           0.000    13.420    cpu/id_ex_register_inst/pc_out_reg[5]_i_1_n_0
    SLICE_X13Y65         CARRY4 (Prop_carry4_CI_CO[3])
                                                      0.114    13.534 r  cpu/id_ex_register_inst/pc_out_reg[9]_i_1/CO[3]
                         net (fo=1, routed)           0.000    13.534    cpu/id_ex_register_inst/pc_out_reg[9]_i_1_n_0
    SLICE_X13Y66         CARRY4 (Prop_carry4_CI_CO[3])
                                                      0.114    13.648 r  cpu/id_ex_register_inst/pc_out_reg[13]_i_1/CO[3]
                         net (fo=1, routed)           0.000    13.648    cpu/id_ex_register_inst/pc_out_reg[13]_i_1_n_0
    SLICE_X13Y67         CARRY4 (Prop_carry4_CI_CO[3])
                                                      0.114    13.762 r  cpu/id_ex_register_inst/pc_out_reg[17]_i_1/CO[3]
                         net (fo=1, routed)           0.000    13.762    cpu/id_ex_register_inst/pc_out_reg[17]_i_1_n_0
    SLICE_X13Y68         CARRY4 (Prop_carry4_CI_CO[3])
                                                      0.114    13.876 r  cpu/id_ex_register_inst/pc_out_reg[21]_i_1/CO[3]
                         net (fo=1, routed)           0.000    13.876    cpu/id_ex_register_inst/pc_out_reg[21]_i_1_n_0
    SLICE_X13Y69         CARRY4 (Prop_carry4_CI_CO[3])
                                                      0.114    13.990 r  cpu/id_ex_register_inst/pc_out_reg[25]_i_1/CO[3]
                         net (fo=1, routed)           0.000    13.990    cpu/id_ex_register_inst/pc_out_reg[25]_i_1_n_0
    SLICE_X13Y70         CARRY4 (Prop_carry4_CI_O[0])
                                                      0.223    14.213 r  cpu/id_ex_register_inst/pc_out_reg[29]_i_1/O[0]
                         net (fo=1, routed)           0.000    14.213    cpu/if_stage_inst/pc_inst/pc_out_reg[31]_0[0]
    SLICE_X13Y70         FDRE                                         r  cpu/if_stage_inst/pc_inst/pc_out_reg[29]/D
  -------------------------------------------------------------------    -------------------

                         (clock sys_clk_pin rise edge)
                                                     10.000    10.000 r  
    R2                                                0.000    10.000 r  CLK100MHZ (IN)
                         net (fo=0)                   0.000    10.000    CLK100MHZ
    R2                   IBUF (Prop_ibuf_I_O)         0.839    10.839 r  CLK100MHZ_IBUF_inst/O
                         net (fo=1, routed)           1.859    12.698    CLK100MHZ_IBUF
    BUFGCTRL_X0Y0        BUFG (Prop_bufg_I_O)         0.091    12.789 r  CLK100MHZ_IBUF_BUFG_inst/O
                         net (fo=3631, routed)        1.421    14.210    cpu/if_stage_inst/pc_inst/CLK100MHZ_IBUF_BUFG
    SLICE_X13Y70         FDRE                                         r  cpu/if_stage_inst/pc_inst/pc_out_reg[29]/C
                         clock pessimism              0.155    14.365    
                         clock uncertainty           -0.035    14.330    
    SLICE_X13Y70         FDRE (Setup_fdre_C_D)        0.062    14.392    cpu/if_stage_inst/pc_inst/pc_out_reg[29]
  -------------------------------------------------------------------
                         required time                         14.392    
                         arrival time                         -14.213    
  -------------------------------------------------------------------
                         slack                                  0.178    

Slack (MET) :             0.181ns  (required time - arrival time)
  Source:                 cpu/mem_wb_register_inst/wb_rd_reg[2]/C
                            (rising edge-triggered cell FDRE clocked by sys_clk_pin  {rise@0.000ns fall@5.000ns period=10.000ns})
  Destination:            cpu/if_stage_inst/pc_inst/pc_out_reg[26]/D
                            (rising edge-triggered cell FDRE clocked by sys_clk_pin  {rise@0.000ns fall@5.000ns period=10.000ns})
  Path Group:             sys_clk_pin
  Path Type:              Setup (Max at Slow Process Corner)
  Requirement:            10.000ns  (sys_clk_pin rise@10.000ns - sys_clk_pin rise@0.000ns)
  Data Path Delay:        9.728ns  (logic 3.556ns (36.555%)  route 6.172ns (63.445%))
  Logic Levels:           16  (CARRY4=9 LUT3=1 LUT4=1 LUT5=2 LUT6=3)
  Clock Path Skew:        -0.117ns (DCD - SCD + CPR)
    Destination Clock Delay (DCD):    4.210ns = ( 14.210 - 10.000 ) 
    Source Clock Delay      (SCD):    4.482ns
    Clock Pessimism Removal (CPR):    0.155ns
  Clock Uncertainty:      0.035ns  ((TSJ^2 + TIJ^2)^1/2 + DJ) / 2 + PE
    Total System Jitter     (TSJ):    0.071ns
    Total Input Jitter      (TIJ):    0.000ns
    Discrete Jitter          (DJ):    0.000ns
    Phase Error              (PE):    0.000ns

    Location             Delay type                Incr(ns)  Path(ns)    Netlist Resource(s)
  -------------------------------------------------------------------    -------------------
                         (clock sys_clk_pin rise edge)
                                                      0.000     0.000 r  
    R2                                                0.000     0.000 r  CLK100MHZ (IN)
                         net (fo=0)                   0.000     0.000    CLK100MHZ
    R2                   IBUF (Prop_ibuf_I_O)         0.880     0.880 r  CLK100MHZ_IBUF_inst/O
                         net (fo=1, routed)           1.962     2.841    CLK100MHZ_IBUF
    BUFGCTRL_X0Y0        BUFG (Prop_bufg_I_O)         0.096     2.937 r  CLK100MHZ_IBUF_BUFG_inst/O
                         net (fo=3631, routed)        1.545     4.482    cpu/mem_wb_register_inst/CLK100MHZ_IBUF_BUFG
    SLICE_X17Y61         FDRE                                         r  cpu/mem_wb_register_inst/wb_rd_reg[2]/C
  -------------------------------------------------------------------    -------------------
    SLICE_X17Y61         FDRE (Prop_fdre_C_Q)         0.419     4.901 r  cpu/mem_wb_register_inst/wb_rd_reg[2]/Q
                         net (fo=34, routed)          0.869     5.771    cpu/id_ex_register_inst/mem_write_data[31]_i_3[2]
    SLICE_X16Y61         LUT6 (Prop_lut6_I4_O)        0.299     6.070 f  cpu/id_ex_register_inst/mem_write_data[31]_i_8/O
                         net (fo=1, routed)           0.436     6.505    cpu/mem_wb_register_inst/mem_write_data_reg[1]_2
    SLICE_X17Y60         LUT6 (Prop_lut6_I3_O)        0.124     6.629 r  cpu/mem_wb_register_inst/mem_write_data[31]_i_3/O
                         net (fo=32, routed)          1.108     7.737    cpu/ex_mem_register_inst/mem_write_data_reg[0]_0
    SLICE_X16Y65         LUT5 (Prop_lut5_I1_O)        0.124     7.861 r  cpu/ex_mem_register_inst/mem_write_data[16]_i_1/O
                         net (fo=2, routed)           0.647     8.508    cpu/id_ex_register_inst/forwarded_rs2_data[16]
    SLICE_X11Y66         LUT3 (Prop_lut3_I2_O)        0.124     8.632 r  cpu/id_ex_register_inst/mem_alu_result[16]_i_7/O
                         net (fo=6, routed)           0.894     9.526    cpu/id_ex_register_inst/ex_alu_B[16]
    SLICE_X11Y60         LUT4 (Prop_lut4_I0_O)        0.124     9.650 r  cpu/id_ex_register_inst/pc_out[0]_i_41/O
                         net (fo=2, routed)           0.625    10.275    cpu/id_ex_register_inst/pc_out[0]_i_41_n_0
    SLICE_X11Y63         CARRY4 (Prop_carry4_DI[0]_CO[3])
                                                      0.526    10.801 r  cpu/id_ex_register_inst/pc_out_reg[0]_i_19/CO[3]
                         net (fo=1, routed)           0.000    10.801    cpu/id_ex_register_inst/pc_out_reg[0]_i_19_n_0
    SLICE_X11Y64         CARRY4 (Prop_carry4_CI_CO[3])
                                                      0.114    10.915 r  cpu/id_ex_register_inst/pc_out_reg[0]_i_9/CO[3]
                         net (fo=2, routed)           0.804    11.719    cpu/id_ex_register_inst/ex_alu_less
    SLICE_X12Y66         LUT6 (Prop_lut6_I5_O)        0.124    11.843 r  cpu/id_ex_register_inst/pc_out[0]_i_3/O
                         net (fo=34, routed)          0.789    12.632    cpu/id_ex_register_inst/p_2_in
    SLICE_X13Y63         LUT5 (Prop_lut5_I4_O)        0.124    12.756 r  cpu/id_ex_register_inst/pc_out[1]_i_5/O
                         net (fo=1, routed)           0.000    12.756    cpu/id_ex_register_inst/pc_out[1]_i_5_n_0
    SLICE_X13Y63         CARRY4 (Prop_carry4_S[1]_CO[3])
                                                      0.550    13.306 r  cpu/id_ex_register_inst/pc_out_reg[1]_i_1/CO[3]
                         net (fo=1, routed)           0.000    13.306    cpu/id_ex_register_inst/pc_out_reg[1]_i_1_n_0
    SLICE_X13Y64         CARRY4 (Prop_carry4_CI_CO[3])
                                                      0.114    13.420 r  cpu/id_ex_register_inst/pc_out_reg[5]_i_1/CO[3]
                         net (fo=1, routed)           0.000    13.420    cpu/id_ex_register_inst/pc_out_reg[5]_i_1_n_0
    SLICE_X13Y65         CARRY4 (Prop_carry4_CI_CO[3])
                                                      0.114    13.534 r  cpu/id_ex_register_inst/pc_out_reg[9]_i_1/CO[3]
                         net (fo=1, routed)           0.000    13.534    cpu/id_ex_register_inst/pc_out_reg[9]_i_1_n_0
    SLICE_X13Y66         CARRY4 (Prop_carry4_CI_CO[3])
                                                      0.114    13.648 r  cpu/id_ex_register_inst/pc_out_reg[13]_i_1/CO[3]
                         net (fo=1, routed)           0.000    13.648    cpu/id_ex_register_inst/pc_out_reg[13]_i_1_n_0
    SLICE_X13Y67         CARRY4 (Prop_carry4_CI_CO[3])
                                                      0.114    13.762 r  cpu/id_ex_register_inst/pc_out_reg[17]_i_1/CO[3]
                         net (fo=1, routed)           0.000    13.762    cpu/id_ex_register_inst/pc_out_reg[17]_i_1_n_0
    SLICE_X13Y68         CARRY4 (Prop_carry4_CI_CO[3])
                                                      0.114    13.876 r  cpu/id_ex_register_inst/pc_out_reg[21]_i_1/CO[3]
                         net (fo=1, routed)           0.000    13.876    cpu/id_ex_register_inst/pc_out_reg[21]_i_1_n_0
    SLICE_X13Y69         CARRY4 (Prop_carry4_CI_O[1])
                                                      0.334    14.210 r  cpu/id_ex_register_inst/pc_out_reg[25]_i_1/O[1]
                         net (fo=1, routed)           0.000    14.210    cpu/if_stage_inst/pc_inst/pc_out_reg[28]_0[1]
    SLICE_X13Y69         FDRE                                         r  cpu/if_stage_inst/pc_inst/pc_out_reg[26]/D
  -------------------------------------------------------------------    -------------------

                         (clock sys_clk_pin rise edge)
                                                     10.000    10.000 r  
    R2                                                0.000    10.000 r  CLK100MHZ (IN)
                         net (fo=0)                   0.000    10.000    CLK100MHZ
    R2                   IBUF (Prop_ibuf_I_O)         0.839    10.839 r  CLK100MHZ_IBUF_inst/O
                         net (fo=1, routed)           1.859    12.698    CLK100MHZ_IBUF
    BUFGCTRL_X0Y0        BUFG (Prop_bufg_I_O)         0.091    12.789 r  CLK100MHZ_IBUF_BUFG_inst/O
                         net (fo=3631, routed)        1.421    14.210    cpu/if_stage_inst/pc_inst/CLK100MHZ_IBUF_BUFG
    SLICE_X13Y69         FDRE                                         r  cpu/if_stage_inst/pc_inst/pc_out_reg[26]/C
                         clock pessimism              0.155    14.365    
                         clock uncertainty           -0.035    14.330    
    SLICE_X13Y69         FDRE (Setup_fdre_C_D)        0.062    14.392    cpu/if_stage_inst/pc_inst/pc_out_reg[26]
  -------------------------------------------------------------------
                         required time                         14.392    
                         arrival time                         -14.210    
  -------------------------------------------------------------------
                         slack                                  0.181    

Slack (MET) :             0.202ns  (required time - arrival time)
  Source:                 cpu/mem_wb_register_inst/wb_rd_reg[2]/C
                            (rising edge-triggered cell FDRE clocked by sys_clk_pin  {rise@0.000ns fall@5.000ns period=10.000ns})
  Destination:            cpu/if_stage_inst/pc_inst/pc_out_reg[28]/D
                            (rising edge-triggered cell FDRE clocked by sys_clk_pin  {rise@0.000ns fall@5.000ns period=10.000ns})
  Path Group:             sys_clk_pin
  Path Type:              Setup (Max at Slow Process Corner)
  Requirement:            10.000ns  (sys_clk_pin rise@10.000ns - sys_clk_pin rise@0.000ns)
  Data Path Delay:        9.707ns  (logic 3.535ns (36.417%)  route 6.172ns (63.583%))
  Logic Levels:           16  (CARRY4=9 LUT3=1 LUT4=1 LUT5=2 LUT6=3)
  Clock Path Skew:        -0.117ns (DCD - SCD + CPR)
    Destination Clock Delay (DCD):    4.210ns = ( 14.210 - 10.000 ) 
    Source Clock Delay      (SCD):    4.482ns
    Clock Pessimism Removal (CPR):    0.155ns
  Clock Uncertainty:      0.035ns  ((TSJ^2 + TIJ^2)^1/2 + DJ) / 2 + PE
    Total System Jitter     (TSJ):    0.071ns
    Total Input Jitter      (TIJ):    0.000ns
    Discrete Jitter          (DJ):    0.000ns
    Phase Error              (PE):    0.000ns

    Location             Delay type                Incr(ns)  Path(ns)    Netlist Resource(s)
  -------------------------------------------------------------------    -------------------
                         (clock sys_clk_pin rise edge)
                                                      0.000     0.000 r  
    R2                                                0.000     0.000 r  CLK100MHZ (IN)
                         net (fo=0)                   0.000     0.000    CLK100MHZ
    R2                   IBUF (Prop_ibuf_I_O)         0.880     0.880 r  CLK100MHZ_IBUF_inst/O
                         net (fo=1, routed)           1.962     2.841    CLK100MHZ_IBUF
    BUFGCTRL_X0Y0        BUFG (Prop_bufg_I_O)         0.096     2.937 r  CLK100MHZ_IBUF_BUFG_inst/O
                         net (fo=3631, routed)        1.545     4.482    cpu/mem_wb_register_inst/CLK100MHZ_IBUF_BUFG
    SLICE_X17Y61         FDRE                                         r  cpu/mem_wb_register_inst/wb_rd_reg[2]/C
  -------------------------------------------------------------------    -------------------
    SLICE_X17Y61         FDRE (Prop_fdre_C_Q)         0.419     4.901 r  cpu/mem_wb_register_inst/wb_rd_reg[2]/Q
                         net (fo=34, routed)          0.869     5.771    cpu/id_ex_register_inst/mem_write_data[31]_i_3[2]
    SLICE_X16Y61         LUT6 (Prop_lut6_I4_O)        0.299     6.070 f  cpu/id_ex_register_inst/mem_write_data[31]_i_8/O
                         net (fo=1, routed)           0.436     6.505    cpu/mem_wb_register_inst/mem_write_data_reg[1]_2
    SLICE_X17Y60         LUT6 (Prop_lut6_I3_O)        0.124     6.629 r  cpu/mem_wb_register_inst/mem_write_data[31]_i_3/O
                         net (fo=32, routed)          1.108     7.737    cpu/ex_mem_register_inst/mem_write_data_reg[0]_0
    SLICE_X16Y65         LUT5 (Prop_lut5_I1_O)        0.124     7.861 r  cpu/ex_mem_register_inst/mem_write_data[16]_i_1/O
                         net (fo=2, routed)           0.647     8.508    cpu/id_ex_register_inst/forwarded_rs2_data[16]
    SLICE_X11Y66         LUT3 (Prop_lut3_I2_O)        0.124     8.632 r  cpu/id_ex_register_inst/mem_alu_result[16]_i_7/O
                         net (fo=6, routed)           0.894     9.526    cpu/id_ex_register_inst/ex_alu_B[16]
    SLICE_X11Y60         LUT4 (Prop_lut4_I0_O)        0.124     9.650 r  cpu/id_ex_register_inst/pc_out[0]_i_41/O
                         net (fo=2, routed)           0.625    10.275    cpu/id_ex_register_inst/pc_out[0]_i_41_n_0
    SLICE_X11Y63         CARRY4 (Prop_carry4_DI[0]_CO[3])
                                                      0.526    10.801 r  cpu/id_ex_register_inst/pc_out_reg[0]_i_19/CO[3]
                         net (fo=1, routed)           0.000    10.801    cpu/id_ex_register_inst/pc_out_reg[0]_i_19_n_0
    SLICE_X11Y64         CARRY4 (Prop_carry4_CI_CO[3])
                                                      0.114    10.915 r  cpu/id_ex_register_inst/pc_out_reg[0]_i_9/CO[3]
                         net (fo=2, routed)           0.804    11.719    cpu/id_ex_register_inst/ex_alu_less
    SLICE_X12Y66         LUT6 (Prop_lut6_I5_O)        0.124    11.843 r  cpu/id_ex_register_inst/pc_out[0]_i_3/O
                         net (fo=34, routed)          0.789    12.632    cpu/id_ex_register_inst/p_2_in
    SLICE_X13Y63         LUT5 (Prop_lut5_I4_O)        0.124    12.756 r  cpu/id_ex_register_inst/pc_out[1]_i_5/O
                         net (fo=1, routed)           0.000    12.756    cpu/id_ex_register_inst/pc_out[1]_i_5_n_0
    SLICE_X13Y63         CARRY4 (Prop_carry4_S[1]_CO[3])
                                                      0.550    13.306 r  cpu/id_ex_register_inst/pc_out_reg[1]_i_1/CO[3]
                         net (fo=1, routed)           0.000    13.306    cpu/id_ex_register_inst/pc_out_reg[1]_i_1_n_0
    SLICE_X13Y64         CARRY4 (Prop_carry4_CI_CO[3])
                                                      0.114    13.420 r  cpu/id_ex_register_inst/pc_out_reg[5]_i_1/CO[3]
                         net (fo=1, routed)           0.000    13.420    cpu/id_ex_register_inst/pc_out_reg[5]_i_1_n_0
    SLICE_X13Y65         CARRY4 (Prop_carry4_CI_CO[3])
                                                      0.114    13.534 r  cpu/id_ex_register_inst/pc_out_reg[9]_i_1/CO[3]
                         net (fo=1, routed)           0.000    13.534    cpu/id_ex_register_inst/pc_out_reg[9]_i_1_n_0
    SLICE_X13Y66         CARRY4 (Prop_carry4_CI_CO[3])
                                                      0.114    13.648 r  cpu/id_ex_register_inst/pc_out_reg[13]_i_1/CO[3]
                         net (fo=1, routed)           0.000    13.648    cpu/id_ex_register_inst/pc_out_reg[13]_i_1_n_0
    SLICE_X13Y67         CARRY4 (Prop_carry4_CI_CO[3])
                                                      0.114    13.762 r  cpu/id_ex_register_inst/pc_out_reg[17]_i_1/CO[3]
                         net (fo=1, routed)           0.000    13.762    cpu/id_ex_register_inst/pc_out_reg[17]_i_1_n_0
    SLICE_X13Y68         CARRY4 (Prop_carry4_CI_CO[3])
                                                      0.114    13.876 r  cpu/id_ex_register_inst/pc_out_reg[21]_i_1/CO[3]
                         net (fo=1, routed)           0.000    13.876    cpu/id_ex_register_inst/pc_out_reg[21]_i_1_n_0
    SLICE_X13Y69         CARRY4 (Prop_carry4_CI_O[3])
                                                      0.313    14.189 r  cpu/id_ex_register_inst/pc_out_reg[25]_i_1/O[3]
                         net (fo=1, routed)           0.000    14.189    cpu/if_stage_inst/pc_inst/pc_out_reg[28]_0[3]
    SLICE_X13Y69         FDRE                                         r  cpu/if_stage_inst/pc_inst/pc_out_reg[28]/D
  -------------------------------------------------------------------    -------------------

                         (clock sys_clk_pin rise edge)
                                                     10.000    10.000 r  
    R2                                                0.000    10.000 r  CLK100MHZ (IN)
                         net (fo=0)                   0.000    10.000    CLK100MHZ
    R2                   IBUF (Prop_ibuf_I_O)         0.839    10.839 r  CLK100MHZ_IBUF_inst/O
                         net (fo=1, routed)           1.859    12.698    CLK100MHZ_IBUF
    BUFGCTRL_X0Y0        BUFG (Prop_bufg_I_O)         0.091    12.789 r  CLK100MHZ_IBUF_BUFG_inst/O
                         net (fo=3631, routed)        1.421    14.210    cpu/if_stage_inst/pc_inst/CLK100MHZ_IBUF_BUFG
    SLICE_X13Y69         FDRE                                         r  cpu/if_stage_inst/pc_inst/pc_out_reg[28]/C
                         clock pessimism              0.155    14.365    
                         clock uncertainty           -0.035    14.330    
    SLICE_X13Y69         FDRE (Setup_fdre_C_D)        0.062    14.392    cpu/if_stage_inst/pc_inst/pc_out_reg[28]
  -------------------------------------------------------------------
                         required time                         14.392    
                         arrival time                         -14.189    
  -------------------------------------------------------------------
                         slack                                  0.202    

Slack (MET) :             0.225ns  (required time - arrival time)
  Source:                 cpu/mem_wb_register_inst/wb_rd_reg[2]/C
                            (rising edge-triggered cell FDRE clocked by sys_clk_pin  {rise@0.000ns fall@5.000ns period=10.000ns})
  Destination:            cpu/id_ex_register_inst/ex_rs1_data_reg[12]/R
                            (rising edge-triggered cell FDRE clocked by sys_clk_pin  {rise@0.000ns fall@5.000ns period=10.000ns})
  Path Group:             sys_clk_pin
  Path Type:              Setup (Max at Slow Process Corner)
  Requirement:            10.000ns  (sys_clk_pin rise@10.000ns - sys_clk_pin rise@0.000ns)
  Data Path Delay:        9.262ns  (logic 2.102ns (22.695%)  route 7.160ns (77.305%))
  Logic Levels:           9  (CARRY4=2 LUT3=1 LUT4=1 LUT5=1 LUT6=4)
  Clock Path Skew:        -0.049ns (DCD - SCD + CPR)
    Destination Clock Delay (DCD):    4.207ns = ( 14.207 - 10.000 ) 
    Source Clock Delay      (SCD):    4.482ns
    Clock Pessimism Removal (CPR):    0.226ns
  Clock Uncertainty:      0.035ns  ((TSJ^2 + TIJ^2)^1/2 + DJ) / 2 + PE
    Total System Jitter     (TSJ):    0.071ns
    Total Input Jitter      (TIJ):    0.000ns
    Discrete Jitter          (DJ):    0.000ns
    Phase Error              (PE):    0.000ns

    Location             Delay type                Incr(ns)  Path(ns)    Netlist Resource(s)
  -------------------------------------------------------------------    -------------------
                         (clock sys_clk_pin rise edge)
                                                      0.000     0.000 r  
    R2                                                0.000     0.000 r  CLK100MHZ (IN)
                         net (fo=0)                   0.000     0.000    CLK100MHZ
    R2                   IBUF (Prop_ibuf_I_O)         0.880     0.880 r  CLK100MHZ_IBUF_inst/O
                         net (fo=1, routed)           1.962     2.841    CLK100MHZ_IBUF
    BUFGCTRL_X0Y0        BUFG (Prop_bufg_I_O)         0.096     2.937 r  CLK100MHZ_IBUF_BUFG_inst/O
                         net (fo=3631, routed)        1.545     4.482    cpu/mem_wb_register_inst/CLK100MHZ_IBUF_BUFG
    SLICE_X17Y61         FDRE                                         r  cpu/mem_wb_register_inst/wb_rd_reg[2]/C
  -------------------------------------------------------------------    -------------------
    SLICE_X17Y61         FDRE (Prop_fdre_C_Q)         0.419     4.901 r  cpu/mem_wb_register_inst/wb_rd_reg[2]/Q
                         net (fo=34, routed)          0.869     5.771    cpu/id_ex_register_inst/mem_write_data[31]_i_3[2]
    SLICE_X16Y61         LUT6 (Prop_lut6_I4_O)        0.299     6.070 f  cpu/id_ex_register_inst/mem_write_data[31]_i_8/O
                         net (fo=1, routed)           0.436     6.505    cpu/mem_wb_register_inst/mem_write_data_reg[1]_2
    SLICE_X17Y60         LUT6 (Prop_lut6_I3_O)        0.124     6.629 r  cpu/mem_wb_register_inst/mem_write_data[31]_i_3/O
                         net (fo=32, routed)          1.108     7.737    cpu/ex_mem_register_inst/mem_write_data_reg[0]_0
    SLICE_X16Y65         LUT5 (Prop_lut5_I1_O)        0.124     7.861 r  cpu/ex_mem_register_inst/mem_write_data[16]_i_1/O
                         net (fo=2, routed)           0.647     8.508    cpu/id_ex_register_inst/forwarded_rs2_data[16]
    SLICE_X11Y66         LUT3 (Prop_lut3_I2_O)        0.124     8.632 r  cpu/id_ex_register_inst/mem_alu_result[16]_i_7/O
                         net (fo=6, routed)           0.894     9.526    cpu/id_ex_register_inst/ex_alu_B[16]
    SLICE_X11Y60         LUT4 (Prop_lut4_I0_O)        0.124     9.650 r  cpu/id_ex_register_inst/pc_out[0]_i_41/O
                         net (fo=2, routed)           0.625    10.275    cpu/id_ex_register_inst/pc_out[0]_i_41_n_0
    SLICE_X11Y63         CARRY4 (Prop_carry4_DI[0]_CO[3])
                                                      0.526    10.801 r  cpu/id_ex_register_inst/pc_out_reg[0]_i_19/CO[3]
                         net (fo=1, routed)           0.000    10.801    cpu/id_ex_register_inst/pc_out_reg[0]_i_19_n_0
    SLICE_X11Y64         CARRY4 (Prop_carry4_CI_CO[3])
                                                      0.114    10.915 r  cpu/id_ex_register_inst/pc_out_reg[0]_i_9/CO[3]
                         net (fo=2, routed)           0.804    11.719    cpu/id_ex_register_inst/ex_alu_less
    SLICE_X12Y66         LUT6 (Prop_lut6_I5_O)        0.124    11.843 r  cpu/id_ex_register_inst/pc_out[0]_i_3/O
                         net (fo=34, routed)          0.353    12.196    cpu/ex_mem_register_inst/p_2_in
    SLICE_X12Y66         LUT6 (Prop_lut6_I5_O)        0.124    12.320 r  cpu/ex_mem_register_inst/ex_rd[4]_i_1/O
                         net (fo=149, routed)         1.424    13.744    cpu/id_ex_register_inst/SR[0]
    SLICE_X25Y76         FDRE                                         r  cpu/id_ex_register_inst/ex_rs1_data_reg[12]/R
  -------------------------------------------------------------------    -------------------

                         (clock sys_clk_pin rise edge)
                                                     10.000    10.000 r  
    R2                                                0.000    10.000 r  CLK100MHZ (IN)
                         net (fo=0)                   0.000    10.000    CLK100MHZ
    R2                   IBUF (Prop_ibuf_I_O)         0.839    10.839 r  CLK100MHZ_IBUF_inst/O
                         net (fo=1, routed)           1.859    12.698    CLK100MHZ_IBUF
    BUFGCTRL_X0Y0        BUFG (Prop_bufg_I_O)         0.091    12.789 r  CLK100MHZ_IBUF_BUFG_inst/O
                         net (fo=3631, routed)        1.418    14.207    cpu/id_ex_register_inst/CLK100MHZ_IBUF_BUFG
    SLICE_X25Y76         FDRE                                         r  cpu/id_ex_register_inst/ex_rs1_data_reg[12]/C
                         clock pessimism              0.226    14.433    
                         clock uncertainty           -0.035    14.398    
    SLICE_X25Y76         FDRE (Setup_fdre_C_R)       -0.429    13.969    cpu/id_ex_register_inst/ex_rs1_data_reg[12]
  -------------------------------------------------------------------
                         required time                         13.969    
                         arrival time                         -13.744    
  -------------------------------------------------------------------
                         slack                                  0.225    

Slack (MET) :             0.271ns  (required time - arrival time)
  Source:                 cpu/mem_wb_register_inst/wb_rd_reg[2]/C
                            (rising edge-triggered cell FDRE clocked by sys_clk_pin  {rise@0.000ns fall@5.000ns period=10.000ns})
  Destination:            cpu/id_ex_register_inst/ex_rs1_data_reg[14]/R
                            (rising edge-triggered cell FDRE clocked by sys_clk_pin  {rise@0.000ns fall@5.000ns period=10.000ns})
  Path Group:             sys_clk_pin
  Path Type:              Setup (Max at Slow Process Corner)
  Requirement:            10.000ns  (sys_clk_pin rise@10.000ns - sys_clk_pin rise@0.000ns)
  Data Path Delay:        9.225ns  (logic 2.102ns (22.786%)  route 7.123ns (77.214%))
  Logic Levels:           9  (CARRY4=2 LUT3=1 LUT4=1 LUT5=1 LUT6=4)
  Clock Path Skew:        -0.040ns (DCD - SCD + CPR)
    Destination Clock Delay (DCD):    4.216ns = ( 14.216 - 10.000 ) 
    Source Clock Delay      (SCD):    4.482ns
    Clock Pessimism Removal (CPR):    0.226ns
  Clock Uncertainty:      0.035ns  ((TSJ^2 + TIJ^2)^1/2 + DJ) / 2 + PE
    Total System Jitter     (TSJ):    0.071ns
    Total Input Jitter      (TIJ):    0.000ns
    Discrete Jitter          (DJ):    0.000ns
    Phase Error              (PE):    0.000ns

    Location             Delay type                Incr(ns)  Path(ns)    Netlist Resource(s)
  -------------------------------------------------------------------    -------------------
                         (clock sys_clk_pin rise edge)
                                                      0.000     0.000 r  
    R2                                                0.000     0.000 r  CLK100MHZ (IN)
                         net (fo=0)                   0.000     0.000    CLK100MHZ
    R2                   IBUF (Prop_ibuf_I_O)         0.880     0.880 r  CLK100MHZ_IBUF_inst/O
                         net (fo=1, routed)           1.962     2.841    CLK100MHZ_IBUF
    BUFGCTRL_X0Y0        BUFG (Prop_bufg_I_O)         0.096     2.937 r  CLK100MHZ_IBUF_BUFG_inst/O
                         net (fo=3631, routed)        1.545     4.482    cpu/mem_wb_register_inst/CLK100MHZ_IBUF_BUFG
    SLICE_X17Y61         FDRE                                         r  cpu/mem_wb_register_inst/wb_rd_reg[2]/C
  -------------------------------------------------------------------    -------------------
    SLICE_X17Y61         FDRE (Prop_fdre_C_Q)         0.419     4.901 r  cpu/mem_wb_register_inst/wb_rd_reg[2]/Q
                         net (fo=34, routed)          0.869     5.771    cpu/id_ex_register_inst/mem_write_data[31]_i_3[2]
    SLICE_X16Y61         LUT6 (Prop_lut6_I4_O)        0.299     6.070 f  cpu/id_ex_register_inst/mem_write_data[31]_i_8/O
                         net (fo=1, routed)           0.436     6.505    cpu/mem_wb_register_inst/mem_write_data_reg[1]_2
    SLICE_X17Y60         LUT6 (Prop_lut6_I3_O)        0.124     6.629 r  cpu/mem_wb_register_inst/mem_write_data[31]_i_3/O
                         net (fo=32, routed)          1.108     7.737    cpu/ex_mem_register_inst/mem_write_data_reg[0]_0
    SLICE_X16Y65         LUT5 (Prop_lut5_I1_O)        0.124     7.861 r  cpu/ex_mem_register_inst/mem_write_data[16]_i_1/O
                         net (fo=2, routed)           0.647     8.508    cpu/id_ex_register_inst/forwarded_rs2_data[16]
    SLICE_X11Y66         LUT3 (Prop_lut3_I2_O)        0.124     8.632 r  cpu/id_ex_register_inst/mem_alu_result[16]_i_7/O
                         net (fo=6, routed)           0.894     9.526    cpu/id_ex_register_inst/ex_alu_B[16]
    SLICE_X11Y60         LUT4 (Prop_lut4_I0_O)        0.124     9.650 r  cpu/id_ex_register_inst/pc_out[0]_i_41/O
                         net (fo=2, routed)           0.625    10.275    cpu/id_ex_register_inst/pc_out[0]_i_41_n_0
    SLICE_X11Y63         CARRY4 (Prop_carry4_DI[0]_CO[3])
                                                      0.526    10.801 r  cpu/id_ex_register_inst/pc_out_reg[0]_i_19/CO[3]
                         net (fo=1, routed)           0.000    10.801    cpu/id_ex_register_inst/pc_out_reg[0]_i_19_n_0
    SLICE_X11Y64         CARRY4 (Prop_carry4_CI_CO[3])
                                                      0.114    10.915 r  cpu/id_ex_register_inst/pc_out_reg[0]_i_9/CO[3]
                         net (fo=2, routed)           0.804    11.719    cpu/id_ex_register_inst/ex_alu_less
    SLICE_X12Y66         LUT6 (Prop_lut6_I5_O)        0.124    11.843 r  cpu/id_ex_register_inst/pc_out[0]_i_3/O
                         net (fo=34, routed)          0.353    12.196    cpu/ex_mem_register_inst/p_2_in
    SLICE_X12Y66         LUT6 (Prop_lut6_I5_O)        0.124    12.320 r  cpu/ex_mem_register_inst/ex_rd[4]_i_1/O
                         net (fo=149, routed)         1.387    13.707    cpu/id_ex_register_inst/SR[0]
    SLICE_X31Y66         FDRE                                         r  cpu/id_ex_register_inst/ex_rs1_data_reg[14]/R
  -------------------------------------------------------------------    -------------------

                         (clock sys_clk_pin rise edge)
                                                     10.000    10.000 r  
    R2                                                0.000    10.000 r  CLK100MHZ (IN)
                         net (fo=0)                   0.000    10.000    CLK100MHZ
    R2                   IBUF (Prop_ibuf_I_O)         0.839    10.839 r  CLK100MHZ_IBUF_inst/O
                         net (fo=1, routed)           1.859    12.698    CLK100MHZ_IBUF
    BUFGCTRL_X0Y0        BUFG (Prop_bufg_I_O)         0.091    12.789 r  CLK100MHZ_IBUF_BUFG_inst/O
                         net (fo=3631, routed)        1.427    14.216    cpu/id_ex_register_inst/CLK100MHZ_IBUF_BUFG
    SLICE_X31Y66         FDRE                                         r  cpu/id_ex_register_inst/ex_rs1_data_reg[14]/C
                         clock pessimism              0.226    14.442    
                         clock uncertainty           -0.035    14.407    
    SLICE_X31Y66         FDRE (Setup_fdre_C_R)       -0.429    13.978    cpu/id_ex_register_inst/ex_rs1_data_reg[14]
  -------------------------------------------------------------------
                         required time                         13.978    
                         arrival time                         -13.707    
  -------------------------------------------------------------------
                         slack                                  0.271    

Slack (MET) :             0.276ns  (required time - arrival time)
  Source:                 cpu/mem_wb_register_inst/wb_rd_reg[2]/C
                            (rising edge-triggered cell FDRE clocked by sys_clk_pin  {rise@0.000ns fall@5.000ns period=10.000ns})
  Destination:            cpu/if_stage_inst/pc_inst/pc_out_reg[27]/D
                            (rising edge-triggered cell FDRE clocked by sys_clk_pin  {rise@0.000ns fall@5.000ns period=10.000ns})
  Path Group:             sys_clk_pin
  Path Type:              Setup (Max at Slow Process Corner)
  Requirement:            10.000ns  (sys_clk_pin rise@10.000ns - sys_clk_pin rise@0.000ns)
  Data Path Delay:        9.633ns  (logic 3.461ns (35.929%)  route 6.172ns (64.071%))
  Logic Levels:           16  (CARRY4=9 LUT3=1 LUT4=1 LUT5=2 LUT6=3)
  Clock Path Skew:        -0.117ns (DCD - SCD + CPR)
    Destination Clock Delay (DCD):    4.210ns = ( 14.210 - 10.000 ) 
    Source Clock Delay      (SCD):    4.482ns
    Clock Pessimism Removal (CPR):    0.155ns
  Clock Uncertainty:      0.035ns  ((TSJ^2 + TIJ^2)^1/2 + DJ) / 2 + PE
    Total System Jitter     (TSJ):    0.071ns
    Total Input Jitter      (TIJ):    0.000ns
    Discrete Jitter          (DJ):    0.000ns
    Phase Error              (PE):    0.000ns

    Location             Delay type                Incr(ns)  Path(ns)    Netlist Resource(s)
  -------------------------------------------------------------------    -------------------
                         (clock sys_clk_pin rise edge)
                                                      0.000     0.000 r  
    R2                                                0.000     0.000 r  CLK100MHZ (IN)
                         net (fo=0)                   0.000     0.000    CLK100MHZ
    R2                   IBUF (Prop_ibuf_I_O)         0.880     0.880 r  CLK100MHZ_IBUF_inst/O
                         net (fo=1, routed)           1.962     2.841    CLK100MHZ_IBUF
    BUFGCTRL_X0Y0        BUFG (Prop_bufg_I_O)         0.096     2.937 r  CLK100MHZ_IBUF_BUFG_inst/O
                         net (fo=3631, routed)        1.545     4.482    cpu/mem_wb_register_inst/CLK100MHZ_IBUF_BUFG
    SLICE_X17Y61         FDRE                                         r  cpu/mem_wb_register_inst/wb_rd_reg[2]/C
  -------------------------------------------------------------------    -------------------
    SLICE_X17Y61         FDRE (Prop_fdre_C_Q)         0.419     4.901 r  cpu/mem_wb_register_inst/wb_rd_reg[2]/Q
                         net (fo=34, routed)          0.869     5.771    cpu/id_ex_register_inst/mem_write_data[31]_i_3[2]
    SLICE_X16Y61         LUT6 (Prop_lut6_I4_O)        0.299     6.070 f  cpu/id_ex_register_inst/mem_write_data[31]_i_8/O
                         net (fo=1, routed)           0.436     6.505    cpu/mem_wb_register_inst/mem_write_data_reg[1]_2
    SLICE_X17Y60         LUT6 (Prop_lut6_I3_O)        0.124     6.629 r  cpu/mem_wb_register_inst/mem_write_data[31]_i_3/O
                         net (fo=32, routed)          1.108     7.737    cpu/ex_mem_register_inst/mem_write_data_reg[0]_0
    SLICE_X16Y65         LUT5 (Prop_lut5_I1_O)        0.124     7.861 r  cpu/ex_mem_register_inst/mem_write_data[16]_i_1/O
                         net (fo=2, routed)           0.647     8.508    cpu/id_ex_register_inst/forwarded_rs2_data[16]
    SLICE_X11Y66         LUT3 (Prop_lut3_I2_O)        0.124     8.632 r  cpu/id_ex_register_inst/mem_alu_result[16]_i_7/O
                         net (fo=6, routed)           0.894     9.526    cpu/id_ex_register_inst/ex_alu_B[16]
    SLICE_X11Y60         LUT4 (Prop_lut4_I0_O)        0.124     9.650 r  cpu/id_ex_register_inst/pc_out[0]_i_41/O
                         net (fo=2, routed)           0.625    10.275    cpu/id_ex_register_inst/pc_out[0]_i_41_n_0
    SLICE_X11Y63         CARRY4 (Prop_carry4_DI[0]_CO[3])
                                                      0.526    10.801 r  cpu/id_ex_register_inst/pc_out_reg[0]_i_19/CO[3]
                         net (fo=1, routed)           0.000    10.801    cpu/id_ex_register_inst/pc_out_reg[0]_i_19_n_0
    SLICE_X11Y64         CARRY4 (Prop_carry4_CI_CO[3])
                                                      0.114    10.915 r  cpu/id_ex_register_inst/pc_out_reg[0]_i_9/CO[3]
                         net (fo=2, routed)           0.804    11.719    cpu/id_ex_register_inst/ex_alu_less
    SLICE_X12Y66         LUT6 (Prop_lut6_I5_O)        0.124    11.843 r  cpu/id_ex_register_inst/pc_out[0]_i_3/O
                         net (fo=34, routed)          0.789    12.632    cpu/id_ex_register_inst/p_2_in
    SLICE_X13Y63         LUT5 (Prop_lut5_I4_O)        0.124    12.756 r  cpu/id_ex_register_inst/pc_out[1]_i_5/O
                         net (fo=1, routed)           0.000    12.756    cpu/id_ex_register_inst/pc_out[1]_i_5_n_0
    SLICE_X13Y63         CARRY4 (Prop_carry4_S[1]_CO[3])
                                                      0.550    13.306 r  cpu/id_ex_register_inst/pc_out_reg[1]_i_1/CO[3]
                         net (fo=1, routed)           0.000    13.306    cpu/id_ex_register_inst/pc_out_reg[1]_i_1_n_0
    SLICE_X13Y64         CARRY4 (Prop_carry4_CI_CO[3])
                                                      0.114    13.420 r  cpu/id_ex_register_inst/pc_out_reg[5]_i_1/CO[3]
                         net (fo=1, routed)           0.000    13.420    cpu/id_ex_register_inst/pc_out_reg[5]_i_1_n_0
    SLICE_X13Y65         CARRY4 (Prop_carry4_CI_CO[3])
                                                      0.114    13.534 r  cpu/id_ex_register_inst/pc_out_reg[9]_i_1/CO[3]
                         net (fo=1, routed)           0.000    13.534    cpu/id_ex_register_inst/pc_out_reg[9]_i_1_n_0
    SLICE_X13Y66         CARRY4 (Prop_carry4_CI_CO[3])
                                                      0.114    13.648 r  cpu/id_ex_register_inst/pc_out_reg[13]_i_1/CO[3]
                         net (fo=1, routed)           0.000    13.648    cpu/id_ex_register_inst/pc_out_reg[13]_i_1_n_0
    SLICE_X13Y67         CARRY4 (Prop_carry4_CI_CO[3])
                                                      0.114    13.762 r  cpu/id_ex_register_inst/pc_out_reg[17]_i_1/CO[3]
                         net (fo=1, routed)           0.000    13.762    cpu/id_ex_register_inst/pc_out_reg[17]_i_1_n_0
    SLICE_X13Y68         CARRY4 (Prop_carry4_CI_CO[3])
                                                      0.114    13.876 r  cpu/id_ex_register_inst/pc_out_reg[21]_i_1/CO[3]
                         net (fo=1, routed)           0.000    13.876    cpu/id_ex_register_inst/pc_out_reg[21]_i_1_n_0
    SLICE_X13Y69         CARRY4 (Prop_carry4_CI_O[2])
                                                      0.239    14.115 r  cpu/id_ex_register_inst/pc_out_reg[25]_i_1/O[2]
                         net (fo=1, routed)           0.000    14.115    cpu/if_stage_inst/pc_inst/pc_out_reg[28]_0[2]
    SLICE_X13Y69         FDRE                                         r  cpu/if_stage_inst/pc_inst/pc_out_reg[27]/D
  -------------------------------------------------------------------    -------------------

                         (clock sys_clk_pin rise edge)
                                                     10.000    10.000 r  
    R2                                                0.000    10.000 r  CLK100MHZ (IN)
                         net (fo=0)                   0.000    10.000    CLK100MHZ
    R2                   IBUF (Prop_ibuf_I_O)         0.839    10.839 r  CLK100MHZ_IBUF_inst/O
                         net (fo=1, routed)           1.859    12.698    CLK100MHZ_IBUF
    BUFGCTRL_X0Y0        BUFG (Prop_bufg_I_O)         0.091    12.789 r  CLK100MHZ_IBUF_BUFG_inst/O
                         net (fo=3631, routed)        1.421    14.210    cpu/if_stage_inst/pc_inst/CLK100MHZ_IBUF_BUFG
    SLICE_X13Y69         FDRE                                         r  cpu/if_stage_inst/pc_inst/pc_out_reg[27]/C
                         clock pessimism              0.155    14.365    
                         clock uncertainty           -0.035    14.330    
    SLICE_X13Y69         FDRE (Setup_fdre_C_D)        0.062    14.392    cpu/if_stage_inst/pc_inst/pc_out_reg[27]
  -------------------------------------------------------------------
                         required time                         14.392    
                         arrival time                         -14.115    
  -------------------------------------------------------------------
                         slack                                  0.276    

Slack (MET) :             0.292ns  (required time - arrival time)
  Source:                 cpu/mem_wb_register_inst/wb_rd_reg[2]/C
                            (rising edge-triggered cell FDRE clocked by sys_clk_pin  {rise@0.000ns fall@5.000ns period=10.000ns})
  Destination:            cpu/if_stage_inst/pc_inst/pc_out_reg[25]/D
                            (rising edge-triggered cell FDRE clocked by sys_clk_pin  {rise@0.000ns fall@5.000ns period=10.000ns})
  Path Group:             sys_clk_pin
  Path Type:              Setup (Max at Slow Process Corner)
  Requirement:            10.000ns  (sys_clk_pin rise@10.000ns - sys_clk_pin rise@0.000ns)
  Data Path Delay:        9.617ns  (logic 3.445ns (35.822%)  route 6.172ns (64.178%))
  Logic Levels:           16  (CARRY4=9 LUT3=1 LUT4=1 LUT5=2 LUT6=3)
  Clock Path Skew:        -0.117ns (DCD - SCD + CPR)
    Destination Clock Delay (DCD):    4.210ns = ( 14.210 - 10.000 ) 
    Source Clock Delay      (SCD):    4.482ns
    Clock Pessimism Removal (CPR):    0.155ns
  Clock Uncertainty:      0.035ns  ((TSJ^2 + TIJ^2)^1/2 + DJ) / 2 + PE
    Total System Jitter     (TSJ):    0.071ns
    Total Input Jitter      (TIJ):    0.000ns
    Discrete Jitter          (DJ):    0.000ns
    Phase Error              (PE):    0.000ns

    Location             Delay type                Incr(ns)  Path(ns)    Netlist Resource(s)
  -------------------------------------------------------------------    -------------------
                         (clock sys_clk_pin rise edge)
                                                      0.000     0.000 r  
    R2                                                0.000     0.000 r  CLK100MHZ (IN)
                         net (fo=0)                   0.000     0.000    CLK100MHZ
    R2                   IBUF (Prop_ibuf_I_O)         0.880     0.880 r  CLK100MHZ_IBUF_inst/O
                         net (fo=1, routed)           1.962     2.841    CLK100MHZ_IBUF
    BUFGCTRL_X0Y0        BUFG (Prop_bufg_I_O)         0.096     2.937 r  CLK100MHZ_IBUF_BUFG_inst/O
                         net (fo=3631, routed)        1.545     4.482    cpu/mem_wb_register_inst/CLK100MHZ_IBUF_BUFG
    SLICE_X17Y61         FDRE                                         r  cpu/mem_wb_register_inst/wb_rd_reg[2]/C
  -------------------------------------------------------------------    -------------------
    SLICE_X17Y61         FDRE (Prop_fdre_C_Q)         0.419     4.901 r  cpu/mem_wb_register_inst/wb_rd_reg[2]/Q
                         net (fo=34, routed)          0.869     5.771    cpu/id_ex_register_inst/mem_write_data[31]_i_3[2]
    SLICE_X16Y61         LUT6 (Prop_lut6_I4_O)        0.299     6.070 f  cpu/id_ex_register_inst/mem_write_data[31]_i_8/O
                         net (fo=1, routed)           0.436     6.505    cpu/mem_wb_register_inst/mem_write_data_reg[1]_2
    SLICE_X17Y60         LUT6 (Prop_lut6_I3_O)        0.124     6.629 r  cpu/mem_wb_register_inst/mem_write_data[31]_i_3/O
                         net (fo=32, routed)          1.108     7.737    cpu/ex_mem_register_inst/mem_write_data_reg[0]_0
    SLICE_X16Y65         LUT5 (Prop_lut5_I1_O)        0.124     7.861 r  cpu/ex_mem_register_inst/mem_write_data[16]_i_1/O
                         net (fo=2, routed)           0.647     8.508    cpu/id_ex_register_inst/forwarded_rs2_data[16]
    SLICE_X11Y66         LUT3 (Prop_lut3_I2_O)        0.124     8.632 r  cpu/id_ex_register_inst/mem_alu_result[16]_i_7/O
                         net (fo=6, routed)           0.894     9.526    cpu/id_ex_register_inst/ex_alu_B[16]
    SLICE_X11Y60         LUT4 (Prop_lut4_I0_O)        0.124     9.650 r  cpu/id_ex_register_inst/pc_out[0]_i_41/O
                         net (fo=2, routed)           0.625    10.275    cpu/id_ex_register_inst/pc_out[0]_i_41_n_0
    SLICE_X11Y63         CARRY4 (Prop_carry4_DI[0]_CO[3])
                                                      0.526    10.801 r  cpu/id_ex_register_inst/pc_out_reg[0]_i_19/CO[3]
                         net (fo=1, routed)           0.000    10.801    cpu/id_ex_register_inst/pc_out_reg[0]_i_19_n_0
    SLICE_X11Y64         CARRY4 (Prop_carry4_CI_CO[3])
                                                      0.114    10.915 r  cpu/id_ex_register_inst/pc_out_reg[0]_i_9/CO[3]
                         net (fo=2, routed)           0.804    11.719    cpu/id_ex_register_inst/ex_alu_less
    SLICE_X12Y66         LUT6 (Prop_lut6_I5_O)        0.124    11.843 r  cpu/id_ex_register_inst/pc_out[0]_i_3/O
                         net (fo=34, routed)          0.789    12.632    cpu/id_ex_register_inst/p_2_in
    SLICE_X13Y63         LUT5 (Prop_lut5_I4_O)        0.124    12.756 r  cpu/id_ex_register_inst/pc_out[1]_i_5/O
                         net (fo=1, routed)           0.000    12.756    cpu/id_ex_register_inst/pc_out[1]_i_5_n_0
    SLICE_X13Y63         CARRY4 (Prop_carry4_S[1]_CO[3])
                                                      0.550    13.306 r  cpu/id_ex_register_inst/pc_out_reg[1]_i_1/CO[3]
                         net (fo=1, routed)           0.000    13.306    cpu/id_ex_register_inst/pc_out_reg[1]_i_1_n_0
    SLICE_X13Y64         CARRY4 (Prop_carry4_CI_CO[3])
                                                      0.114    13.420 r  cpu/id_ex_register_inst/pc_out_reg[5]_i_1/CO[3]
                         net (fo=1, routed)           0.000    13.420    cpu/id_ex_register_inst/pc_out_reg[5]_i_1_n_0
    SLICE_X13Y65         CARRY4 (Prop_carry4_CI_CO[3])
                                                      0.114    13.534 r  cpu/id_ex_register_inst/pc_out_reg[9]_i_1/CO[3]
                         net (fo=1, routed)           0.000    13.534    cpu/id_ex_register_inst/pc_out_reg[9]_i_1_n_0
    SLICE_X13Y66         CARRY4 (Prop_carry4_CI_CO[3])
                                                      0.114    13.648 r  cpu/id_ex_register_inst/pc_out_reg[13]_i_1/CO[3]
                         net (fo=1, routed)           0.000    13.648    cpu/id_ex_register_inst/pc_out_reg[13]_i_1_n_0
    SLICE_X13Y67         CARRY4 (Prop_carry4_CI_CO[3])
                                                      0.114    13.762 r  cpu/id_ex_register_inst/pc_out_reg[17]_i_1/CO[3]
                         net (fo=1, routed)           0.000    13.762    cpu/id_ex_register_inst/pc_out_reg[17]_i_1_n_0
    SLICE_X13Y68         CARRY4 (Prop_carry4_CI_CO[3])
                                                      0.114    13.876 r  cpu/id_ex_register_inst/pc_out_reg[21]_i_1/CO[3]
                         net (fo=1, routed)           0.000    13.876    cpu/id_ex_register_inst/pc_out_reg[21]_i_1_n_0
    SLICE_X13Y69         CARRY4 (Prop_carry4_CI_O[0])
                                                      0.223    14.099 r  cpu/id_ex_register_inst/pc_out_reg[25]_i_1/O[0]
                         net (fo=1, routed)           0.000    14.099    cpu/if_stage_inst/pc_inst/pc_out_reg[28]_0[0]
    SLICE_X13Y69         FDRE                                         r  cpu/if_stage_inst/pc_inst/pc_out_reg[25]/D
  -------------------------------------------------------------------    -------------------

                         (clock sys_clk_pin rise edge)
                                                     10.000    10.000 r  
    R2                                                0.000    10.000 r  CLK100MHZ (IN)
                         net (fo=0)                   0.000    10.000    CLK100MHZ
    R2                   IBUF (Prop_ibuf_I_O)         0.839    10.839 r  CLK100MHZ_IBUF_inst/O
                         net (fo=1, routed)           1.859    12.698    CLK100MHZ_IBUF
    BUFGCTRL_X0Y0        BUFG (Prop_bufg_I_O)         0.091    12.789 r  CLK100MHZ_IBUF_BUFG_inst/O
                         net (fo=3631, routed)        1.421    14.210    cpu/if_stage_inst/pc_inst/CLK100MHZ_IBUF_BUFG
    SLICE_X13Y69         FDRE                                         r  cpu/if_stage_inst/pc_inst/pc_out_reg[25]/C
                         clock pessimism              0.155    14.365    
                         clock uncertainty           -0.035    14.330    
    SLICE_X13Y69         FDRE (Setup_fdre_C_D)        0.062    14.392    cpu/if_stage_inst/pc_inst/pc_out_reg[25]
  -------------------------------------------------------------------
                         required time                         14.392    
                         arrival time                         -14.099    
  -------------------------------------------------------------------
                         slack                                  0.292    





Min Delay Paths
--------------------------------------------------------------------------------------
Slack (MET) :             0.048ns  (arrival time - required time)
  Source:                 cpu/ex_mem_register_inst/mem_pc_plus4_reg[14]/C
                            (rising edge-triggered cell FDRE clocked by sys_clk_pin  {rise@0.000ns fall@5.000ns period=10.000ns})
  Destination:            cpu/mem_wb_register_inst/wb_pc_plus4_reg[14]/D
                            (rising edge-triggered cell FDRE clocked by sys_clk_pin  {rise@0.000ns fall@5.000ns period=10.000ns})
  Path Group:             sys_clk_pin
  Path Type:              Hold (Min at Fast Process Corner)
  Requirement:            0.000ns  (sys_clk_pin rise@0.000ns - sys_clk_pin rise@0.000ns)
  Data Path Delay:        0.378ns  (logic 0.141ns (37.265%)  route 0.237ns (62.735%))
  Logic Levels:           0  
  Clock Path Skew:        0.261ns (DCD - SCD - CPR)
    Destination Clock Delay (DCD):    1.913ns
    Source Clock Delay      (SCD):    1.560ns
    Clock Pessimism Removal (CPR):    0.091ns

    Location             Delay type                Incr(ns)  Path(ns)    Netlist Resource(s)
  -------------------------------------------------------------------    -------------------
                         (clock sys_clk_pin rise edge)
                                                      0.000     0.000 r  
    R2                                                0.000     0.000 r  CLK100MHZ (IN)
                         net (fo=0)                   0.000     0.000    CLK100MHZ
    R2                   IBUF (Prop_ibuf_I_O)         0.345     0.345 r  CLK100MHZ_IBUF_inst/O
                         net (fo=1, routed)           0.630     0.975    CLK100MHZ_IBUF
    BUFGCTRL_X0Y0        BUFG (Prop_bufg_I_O)         0.026     1.001 r  CLK100MHZ_IBUF_BUFG_inst/O
                         net (fo=3631, routed)        0.560     1.560    cpu/ex_mem_register_inst/CLK100MHZ_IBUF_BUFG
    SLICE_X13Y58         FDRE                                         r  cpu/ex_mem_register_inst/mem_pc_plus4_reg[14]/C
  -------------------------------------------------------------------    -------------------
    SLICE_X13Y58         FDRE (Prop_fdre_C_Q)         0.141     1.701 r  cpu/ex_mem_register_inst/mem_pc_plus4_reg[14]/Q
                         net (fo=2, routed)           0.237     1.939    cpu/mem_wb_register_inst/wb_pc_plus4_reg[31]_0[14]
    SLICE_X16Y57         FDRE                                         r  cpu/mem_wb_register_inst/wb_pc_plus4_reg[14]/D
  -------------------------------------------------------------------    -------------------

                         (clock sys_clk_pin rise edge)
                                                      0.000     0.000 r  
    R2                                                0.000     0.000 r  CLK100MHZ (IN)
                         net (fo=0)                   0.000     0.000    CLK100MHZ
    R2                   IBUF (Prop_ibuf_I_O)         0.375     0.375 r  CLK100MHZ_IBUF_inst/O
                         net (fo=1, routed)           0.683     1.058    CLK100MHZ_IBUF
    BUFGCTRL_X0Y0        BUFG (Prop_bufg_I_O)         0.029     1.087 r  CLK100MHZ_IBUF_BUFG_inst/O
                         net (fo=3631, routed)        0.826     1.913    cpu/mem_wb_register_inst/CLK100MHZ_IBUF_BUFG
    SLICE_X16Y57         FDRE                                         r  cpu/mem_wb_register_inst/wb_pc_plus4_reg[14]/C
                         clock pessimism             -0.091     1.821    
    SLICE_X16Y57         FDRE (Hold_fdre_C_D)         0.070     1.891    cpu/mem_wb_register_inst/wb_pc_plus4_reg[14]
  -------------------------------------------------------------------
                         required time                         -1.891    
                         arrival time                           1.939    
  -------------------------------------------------------------------
                         slack                                  0.048    

Slack (MET) :             0.055ns  (arrival time - required time)
  Source:                 cpu/id_ex_register_inst/ex_rd_reg[1]/C
                            (rising edge-triggered cell FDRE clocked by sys_clk_pin  {rise@0.000ns fall@5.000ns period=10.000ns})
  Destination:            cpu/ex_mem_register_inst/mem_rd_reg[1]/D
                            (rising edge-triggered cell FDRE clocked by sys_clk_pin  {rise@0.000ns fall@5.000ns period=10.000ns})
  Path Group:             sys_clk_pin
  Path Type:              Hold (Min at Fast Process Corner)
  Requirement:            0.000ns  (sys_clk_pin rise@0.000ns - sys_clk_pin rise@0.000ns)
  Data Path Delay:        0.385ns  (logic 0.164ns (42.561%)  route 0.221ns (57.439%))
  Logic Levels:           0  
  Clock Path Skew:        0.261ns (DCD - SCD - CPR)
    Destination Clock Delay (DCD):    1.909ns
    Source Clock Delay      (SCD):    1.556ns
    Clock Pessimism Removal (CPR):    0.091ns

    Location             Delay type                Incr(ns)  Path(ns)    Netlist Resource(s)
  -------------------------------------------------------------------    -------------------
                         (clock sys_clk_pin rise edge)
                                                      0.000     0.000 r  
    R2                                                0.000     0.000 r  CLK100MHZ (IN)
                         net (fo=0)                   0.000     0.000    CLK100MHZ
    R2                   IBUF (Prop_ibuf_I_O)         0.345     0.345 r  CLK100MHZ_IBUF_inst/O
                         net (fo=1, routed)           0.630     0.975    CLK100MHZ_IBUF
    BUFGCTRL_X0Y0        BUFG (Prop_bufg_I_O)         0.026     1.001 r  CLK100MHZ_IBUF_BUFG_inst/O
                         net (fo=3631, routed)        0.556     1.556    cpu/id_ex_register_inst/CLK100MHZ_IBUF_BUFG
    SLICE_X14Y66         FDRE                                         r  cpu/id_ex_register_inst/ex_rd_reg[1]/C
  -------------------------------------------------------------------    -------------------
    SLICE_X14Y66         FDRE (Prop_fdre_C_Q)         0.164     1.720 r  cpu/id_ex_register_inst/ex_rd_reg[1]/Q
                         net (fo=4, routed)           0.221     1.942    cpu/ex_mem_register_inst/mem_rd_reg[4]_2[1]
    SLICE_X16Y63         FDRE                                         r  cpu/ex_mem_register_inst/mem_rd_reg[1]/D
  -------------------------------------------------------------------    -------------------

                         (clock sys_clk_pin rise edge)
                                                      0.000     0.000 r  
    R2                                                0.000     0.000 r  CLK100MHZ (IN)
                         net (fo=0)                   0.000     0.000    CLK100MHZ
    R2                   IBUF (Prop_ibuf_I_O)         0.375     0.375 r  CLK100MHZ_IBUF_inst/O
                         net (fo=1, routed)           0.683     1.058    CLK100MHZ_IBUF
    BUFGCTRL_X0Y0        BUFG (Prop_bufg_I_O)         0.029     1.087 r  CLK100MHZ_IBUF_BUFG_inst/O
                         net (fo=3631, routed)        0.822     1.909    cpu/ex_mem_register_inst/CLK100MHZ_IBUF_BUFG
    SLICE_X16Y63         FDRE                                         r  cpu/ex_mem_register_inst/mem_rd_reg[1]/C
                         clock pessimism             -0.091     1.817    
    SLICE_X16Y63         FDRE (Hold_fdre_C_D)         0.070     1.887    cpu/ex_mem_register_inst/mem_rd_reg[1]
  -------------------------------------------------------------------
                         required time                         -1.887    
                         arrival time                           1.942    
  -------------------------------------------------------------------
                         slack                                  0.055    

Slack (MET) :             0.058ns  (arrival time - required time)
  Source:                 cpu/ex_mem_register_inst/mem_alu_result_reg[9]_rep__1/C
                            (rising edge-triggered cell FDRE clocked by sys_clk_pin  {rise@0.000ns fall@5.000ns period=10.000ns})
  Destination:            cpu/dmem_inst/ram_reg_1792_2047_20_20/RAMS64E_A/WADR7
                            (rising edge-triggered cell RAMS64E clocked by sys_clk_pin  {rise@0.000ns fall@5.000ns period=10.000ns})
  Path Group:             sys_clk_pin
  Path Type:              Hold (Min at Fast Process Corner)
  Requirement:            0.000ns  (sys_clk_pin rise@0.000ns - sys_clk_pin rise@0.000ns)
  Data Path Delay:        0.453ns  (logic 0.141ns (31.110%)  route 0.312ns (68.890%))
  Logic Levels:           0  
  Clock Path Skew:        0.271ns (DCD - SCD - CPR)
    Destination Clock Delay (DCD):    1.918ns
    Source Clock Delay      (SCD):    1.560ns
    Clock Pessimism Removal (CPR):    0.086ns

    Location             Delay type                Incr(ns)  Path(ns)    Netlist Resource(s)
  -------------------------------------------------------------------    -------------------
                         (clock sys_clk_pin rise edge)
                                                      0.000     0.000 r  
    R2                                                0.000     0.000 r  CLK100MHZ (IN)
                         net (fo=0)                   0.000     0.000    CLK100MHZ
    R2                   IBUF (Prop_ibuf_I_O)         0.345     0.345 r  CLK100MHZ_IBUF_inst/O
                         net (fo=1, routed)           0.630     0.975    CLK100MHZ_IBUF
    BUFGCTRL_X0Y0        BUFG (Prop_bufg_I_O)         0.026     1.001 r  CLK100MHZ_IBUF_BUFG_inst/O
                         net (fo=3631, routed)        0.560     1.560    cpu/ex_mem_register_inst/CLK100MHZ_IBUF_BUFG
    SLICE_X16Y45         FDRE                                         r  cpu/ex_mem_register_inst/mem_alu_result_reg[9]_rep__1/C
  -------------------------------------------------------------------    -------------------
    SLICE_X16Y45         FDRE (Prop_fdre_C_Q)         0.141     1.701 r  cpu/ex_mem_register_inst/mem_alu_result_reg[9]_rep__1/Q
                         net (fo=240, routed)         0.312     2.014    cpu/dmem_inst/ram_reg_1792_2047_20_20/A7
    SLICE_X12Y51         RAMS64E                                      r  cpu/dmem_inst/ram_reg_1792_2047_20_20/RAMS64E_A/WADR7
  -------------------------------------------------------------------    -------------------

                         (clock sys_clk_pin rise edge)
                                                      0.000     0.000 r  
    R2                                                0.000     0.000 r  CLK100MHZ (IN)
                         net (fo=0)                   0.000     0.000    CLK100MHZ
    R2                   IBUF (Prop_ibuf_I_O)         0.375     0.375 r  CLK100MHZ_IBUF_inst/O
                         net (fo=1, routed)           0.683     1.058    CLK100MHZ_IBUF
    BUFGCTRL_X0Y0        BUFG (Prop_bufg_I_O)         0.029     1.087 r  CLK100MHZ_IBUF_BUFG_inst/O
                         net (fo=3631, routed)        0.830     1.918    cpu/dmem_inst/ram_reg_1792_2047_20_20/WCLK
    SLICE_X12Y51         RAMS64E                                      r  cpu/dmem_inst/ram_reg_1792_2047_20_20/RAMS64E_A/CLK
                         clock pessimism             -0.086     1.831    
    SLICE_X12Y51         RAMS64E (Hold_rams64e_CLK_WADR7)
                                                      0.124     1.955    cpu/dmem_inst/ram_reg_1792_2047_20_20/RAMS64E_A
  -------------------------------------------------------------------
                         required time                         -1.955    
                         arrival time                           2.014    
  -------------------------------------------------------------------
                         slack                                  0.058    

Slack (MET) :             0.058ns  (arrival time - required time)
  Source:                 cpu/ex_mem_register_inst/mem_alu_result_reg[9]_rep__1/C
                            (rising edge-triggered cell FDRE clocked by sys_clk_pin  {rise@0.000ns fall@5.000ns period=10.000ns})
  Destination:            cpu/dmem_inst/ram_reg_1792_2047_20_20/RAMS64E_B/WADR7
                            (rising edge-triggered cell RAMS64E clocked by sys_clk_pin  {rise@0.000ns fall@5.000ns period=10.000ns})
  Path Group:             sys_clk_pin
  Path Type:              Hold (Min at Fast Process Corner)
  Requirement:            0.000ns  (sys_clk_pin rise@0.000ns - sys_clk_pin rise@0.000ns)
  Data Path Delay:        0.453ns  (logic 0.141ns (31.110%)  route 0.312ns (68.890%))
  Logic Levels:           0  
  Clock Path Skew:        0.271ns (DCD - SCD - CPR)
    Destination Clock Delay (DCD):    1.918ns
    Source Clock Delay      (SCD):    1.560ns
    Clock Pessimism Removal (CPR):    0.086ns

    Location             Delay type                Incr(ns)  Path(ns)    Netlist Resource(s)
  -------------------------------------------------------------------    -------------------
                         (clock sys_clk_pin rise edge)
                                                      0.000     0.000 r  
    R2                                                0.000     0.000 r  CLK100MHZ (IN)
                         net (fo=0)                   0.000     0.000    CLK100MHZ
    R2                   IBUF (Prop_ibuf_I_O)         0.345     0.345 r  CLK100MHZ_IBUF_inst/O
                         net (fo=1, routed)           0.630     0.975    CLK100MHZ_IBUF
    BUFGCTRL_X0Y0        BUFG (Prop_bufg_I_O)         0.026     1.001 r  CLK100MHZ_IBUF_BUFG_inst/O
                         net (fo=3631, routed)        0.560     1.560    cpu/ex_mem_register_inst/CLK100MHZ_IBUF_BUFG
    SLICE_X16Y45         FDRE                                         r  cpu/ex_mem_register_inst/mem_alu_result_reg[9]_rep__1/C
  -------------------------------------------------------------------    -------------------
    SLICE_X16Y45         FDRE (Prop_fdre_C_Q)         0.141     1.701 r  cpu/ex_mem_register_inst/mem_alu_result_reg[9]_rep__1/Q
                         net (fo=240, routed)         0.312     2.014    cpu/dmem_inst/ram_reg_1792_2047_20_20/A7
    SLICE_X12Y51         RAMS64E                                      r  cpu/dmem_inst/ram_reg_1792_2047_20_20/RAMS64E_B/WADR7
  -------------------------------------------------------------------    -------------------

                         (clock sys_clk_pin rise edge)
                                                      0.000     0.000 r  
    R2                                                0.000     0.000 r  CLK100MHZ (IN)
                         net (fo=0)                   0.000     0.000    CLK100MHZ
    R2                   IBUF (Prop_ibuf_I_O)         0.375     0.375 r  CLK100MHZ_IBUF_inst/O
                         net (fo=1, routed)           0.683     1.058    CLK100MHZ_IBUF
    BUFGCTRL_X0Y0        BUFG (Prop_bufg_I_O)         0.029     1.087 r  CLK100MHZ_IBUF_BUFG_inst/O
                         net (fo=3631, routed)        0.830     1.918    cpu/dmem_inst/ram_reg_1792_2047_20_20/WCLK
    SLICE_X12Y51         RAMS64E                                      r  cpu/dmem_inst/ram_reg_1792_2047_20_20/RAMS64E_B/CLK
                         clock pessimism             -0.086     1.831    
    SLICE_X12Y51         RAMS64E (Hold_rams64e_CLK_WADR7)
                                                      0.124     1.955    cpu/dmem_inst/ram_reg_1792_2047_20_20/RAMS64E_B
  -------------------------------------------------------------------
                         required time                         -1.955    
                         arrival time                           2.014    
  -------------------------------------------------------------------
                         slack                                  0.058    

Slack (MET) :             0.058ns  (arrival time - required time)
  Source:                 cpu/ex_mem_register_inst/mem_alu_result_reg[9]_rep__1/C
                            (rising edge-triggered cell FDRE clocked by sys_clk_pin  {rise@0.000ns fall@5.000ns period=10.000ns})
  Destination:            cpu/dmem_inst/ram_reg_1792_2047_20_20/RAMS64E_C/WADR7
                            (rising edge-triggered cell RAMS64E clocked by sys_clk_pin  {rise@0.000ns fall@5.000ns period=10.000ns})
  Path Group:             sys_clk_pin
  Path Type:              Hold (Min at Fast Process Corner)
  Requirement:            0.000ns  (sys_clk_pin rise@0.000ns - sys_clk_pin rise@0.000ns)
  Data Path Delay:        0.453ns  (logic 0.141ns (31.110%)  route 0.312ns (68.890%))
  Logic Levels:           0  
  Clock Path Skew:        0.271ns (DCD - SCD - CPR)
    Destination Clock Delay (DCD):    1.918ns
    Source Clock Delay      (SCD):    1.560ns
    Clock Pessimism Removal (CPR):    0.086ns

    Location             Delay type                Incr(ns)  Path(ns)    Netlist Resource(s)
  -------------------------------------------------------------------    -------------------
                         (clock sys_clk_pin rise edge)
                                                      0.000     0.000 r  
    R2                                                0.000     0.000 r  CLK100MHZ (IN)
                         net (fo=0)                   0.000     0.000    CLK100MHZ
    R2                   IBUF (Prop_ibuf_I_O)         0.345     0.345 r  CLK100MHZ_IBUF_inst/O
                         net (fo=1, routed)           0.630     0.975    CLK100MHZ_IBUF
    BUFGCTRL_X0Y0        BUFG (Prop_bufg_I_O)         0.026     1.001 r  CLK100MHZ_IBUF_BUFG_inst/O
                         net (fo=3631, routed)        0.560     1.560    cpu/ex_mem_register_inst/CLK100MHZ_IBUF_BUFG
    SLICE_X16Y45         FDRE                                         r  cpu/ex_mem_register_inst/mem_alu_result_reg[9]_rep__1/C
  -------------------------------------------------------------------    -------------------
    SLICE_X16Y45         FDRE (Prop_fdre_C_Q)         0.141     1.701 r  cpu/ex_mem_register_inst/mem_alu_result_reg[9]_rep__1/Q
                         net (fo=240, routed)         0.312     2.014    cpu/dmem_inst/ram_reg_1792_2047_20_20/A7
    SLICE_X12Y51         RAMS64E                                      r  cpu/dmem_inst/ram_reg_1792_2047_20_20/RAMS64E_C/WADR7
  -------------------------------------------------------------------    -------------------

                         (clock sys_clk_pin rise edge)
                                                      0.000     0.000 r  
    R2                                                0.000     0.000 r  CLK100MHZ (IN)
                         net (fo=0)                   0.000     0.000    CLK100MHZ
    R2                   IBUF (Prop_ibuf_I_O)         0.375     0.375 r  CLK100MHZ_IBUF_inst/O
                         net (fo=1, routed)           0.683     1.058    CLK100MHZ_IBUF
    BUFGCTRL_X0Y0        BUFG (Prop_bufg_I_O)         0.029     1.087 r  CLK100MHZ_IBUF_BUFG_inst/O
                         net (fo=3631, routed)        0.830     1.918    cpu/dmem_inst/ram_reg_1792_2047_20_20/WCLK
    SLICE_X12Y51         RAMS64E                                      r  cpu/dmem_inst/ram_reg_1792_2047_20_20/RAMS64E_C/CLK
                         clock pessimism             -0.086     1.831    
    SLICE_X12Y51         RAMS64E (Hold_rams64e_CLK_WADR7)
                                                      0.124     1.955    cpu/dmem_inst/ram_reg_1792_2047_20_20/RAMS64E_C
  -------------------------------------------------------------------
                         required time                         -1.955    
                         arrival time                           2.014    
  -------------------------------------------------------------------
                         slack                                  0.058    

Slack (MET) :             0.058ns  (arrival time - required time)
  Source:                 cpu/ex_mem_register_inst/mem_alu_result_reg[9]_rep__1/C
                            (rising edge-triggered cell FDRE clocked by sys_clk_pin  {rise@0.000ns fall@5.000ns period=10.000ns})
  Destination:            cpu/dmem_inst/ram_reg_1792_2047_20_20/RAMS64E_D/WADR7
                            (rising edge-triggered cell RAMS64E clocked by sys_clk_pin  {rise@0.000ns fall@5.000ns period=10.000ns})
  Path Group:             sys_clk_pin
  Path Type:              Hold (Min at Fast Process Corner)
  Requirement:            0.000ns  (sys_clk_pin rise@0.000ns - sys_clk_pin rise@0.000ns)
  Data Path Delay:        0.453ns  (logic 0.141ns (31.110%)  route 0.312ns (68.890%))
  Logic Levels:           0  
  Clock Path Skew:        0.271ns (DCD - SCD - CPR)
    Destination Clock Delay (DCD):    1.918ns
    Source Clock Delay      (SCD):    1.560ns
    Clock Pessimism Removal (CPR):    0.086ns

    Location             Delay type                Incr(ns)  Path(ns)    Netlist Resource(s)
  -------------------------------------------------------------------    -------------------
                         (clock sys_clk_pin rise edge)
                                                      0.000     0.000 r  
    R2                                                0.000     0.000 r  CLK100MHZ (IN)
                         net (fo=0)                   0.000     0.000    CLK100MHZ
    R2                   IBUF (Prop_ibuf_I_O)         0.345     0.345 r  CLK100MHZ_IBUF_inst/O
                         net (fo=1, routed)           0.630     0.975    CLK100MHZ_IBUF
    BUFGCTRL_X0Y0        BUFG (Prop_bufg_I_O)         0.026     1.001 r  CLK100MHZ_IBUF_BUFG_inst/O
                         net (fo=3631, routed)        0.560     1.560    cpu/ex_mem_register_inst/CLK100MHZ_IBUF_BUFG
    SLICE_X16Y45         FDRE                                         r  cpu/ex_mem_register_inst/mem_alu_result_reg[9]_rep__1/C
  -------------------------------------------------------------------    -------------------
    SLICE_X16Y45         FDRE (Prop_fdre_C_Q)         0.141     1.701 r  cpu/ex_mem_register_inst/mem_alu_result_reg[9]_rep__1/Q
                         net (fo=240, routed)         0.312     2.014    cpu/dmem_inst/ram_reg_1792_2047_20_20/A7
    SLICE_X12Y51         RAMS64E                                      r  cpu/dmem_inst/ram_reg_1792_2047_20_20/RAMS64E_D/WADR7
  -------------------------------------------------------------------    -------------------

                         (clock sys_clk_pin rise edge)
                                                      0.000     0.000 r  
    R2                                                0.000     0.000 r  CLK100MHZ (IN)
                         net (fo=0)                   0.000     0.000    CLK100MHZ
    R2                   IBUF (Prop_ibuf_I_O)         0.375     0.375 r  CLK100MHZ_IBUF_inst/O
                         net (fo=1, routed)           0.683     1.058    CLK100MHZ_IBUF
    BUFGCTRL_X0Y0        BUFG (Prop_bufg_I_O)         0.029     1.087 r  CLK100MHZ_IBUF_BUFG_inst/O
                         net (fo=3631, routed)        0.830     1.918    cpu/dmem_inst/ram_reg_1792_2047_20_20/WCLK
    SLICE_X12Y51         RAMS64E                                      r  cpu/dmem_inst/ram_reg_1792_2047_20_20/RAMS64E_D/CLK
                         clock pessimism             -0.086     1.831    
    SLICE_X12Y51         RAMS64E (Hold_rams64e_CLK_WADR7)
                                                      0.124     1.955    cpu/dmem_inst/ram_reg_1792_2047_20_20/RAMS64E_D
  -------------------------------------------------------------------
                         required time                         -1.955    
                         arrival time                           2.014    
  -------------------------------------------------------------------
                         slack                                  0.058    

Slack (MET) :             0.064ns  (arrival time - required time)
  Source:                 cpu/if_stage_inst/pc_inst/pc_out_reg[2]/C
                            (rising edge-triggered cell FDRE clocked by sys_clk_pin  {rise@0.000ns fall@5.000ns period=10.000ns})
  Destination:            cpu/if_stage_inst/pc_id_out_reg[2]/D
                            (rising edge-triggered cell FDRE clocked by sys_clk_pin  {rise@0.000ns fall@5.000ns period=10.000ns})
  Path Group:             sys_clk_pin
  Path Type:              Hold (Min at Fast Process Corner)
  Requirement:            0.000ns  (sys_clk_pin rise@0.000ns - sys_clk_pin rise@0.000ns)
  Data Path Delay:        0.395ns  (logic 0.141ns (35.724%)  route 0.254ns (64.276%))
  Logic Levels:           0  
  Clock Path Skew:        0.261ns (DCD - SCD - CPR)
    Destination Clock Delay (DCD):    1.910ns
    Source Clock Delay      (SCD):    1.557ns
    Clock Pessimism Removal (CPR):    0.091ns

    Location             Delay type                Incr(ns)  Path(ns)    Netlist Resource(s)
  -------------------------------------------------------------------    -------------------
                         (clock sys_clk_pin rise edge)
                                                      0.000     0.000 r  
    R2                                                0.000     0.000 r  CLK100MHZ (IN)
                         net (fo=0)                   0.000     0.000    CLK100MHZ
    R2                   IBUF (Prop_ibuf_I_O)         0.345     0.345 r  CLK100MHZ_IBUF_inst/O
                         net (fo=1, routed)           0.630     0.975    CLK100MHZ_IBUF
    BUFGCTRL_X0Y0        BUFG (Prop_bufg_I_O)         0.026     1.001 r  CLK100MHZ_IBUF_BUFG_inst/O
                         net (fo=3631, routed)        0.557     1.557    cpu/if_stage_inst/pc_inst/CLK100MHZ_IBUF_BUFG
    SLICE_X13Y63         FDRE                                         r  cpu/if_stage_inst/pc_inst/pc_out_reg[2]/C
  -------------------------------------------------------------------    -------------------
    SLICE_X13Y63         FDRE (Prop_fdre_C_Q)         0.141     1.698 r  cpu/if_stage_inst/pc_inst/pc_out_reg[2]/Q
                         net (fo=28, routed)          0.254     1.952    cpu/if_stage_inst/D[2]
    SLICE_X16Y62         FDRE                                         r  cpu/if_stage_inst/pc_id_out_reg[2]/D
  -------------------------------------------------------------------    -------------------

                         (clock sys_clk_pin rise edge)
                                                      0.000     0.000 r  
    R2                                                0.000     0.000 r  CLK100MHZ (IN)
                         net (fo=0)                   0.000     0.000    CLK100MHZ
    R2                   IBUF (Prop_ibuf_I_O)         0.375     0.375 r  CLK100MHZ_IBUF_inst/O
                         net (fo=1, routed)           0.683     1.058    CLK100MHZ_IBUF
    BUFGCTRL_X0Y0        BUFG (Prop_bufg_I_O)         0.029     1.087 r  CLK100MHZ_IBUF_BUFG_inst/O
                         net (fo=3631, routed)        0.822     1.910    cpu/if_stage_inst/CLK100MHZ_IBUF_BUFG
    SLICE_X16Y62         FDRE                                         r  cpu/if_stage_inst/pc_id_out_reg[2]/C
                         clock pessimism             -0.091     1.818    
    SLICE_X16Y62         FDRE (Hold_fdre_C_D)         0.070     1.888    cpu/if_stage_inst/pc_id_out_reg[2]
  -------------------------------------------------------------------
                         required time                         -1.888    
                         arrival time                           1.952    
  -------------------------------------------------------------------
                         slack                                  0.064    

Slack (MET) :             0.068ns  (arrival time - required time)
  Source:                 cpu/ex_mem_register_inst/mem_pc_plus4_reg[25]/C
                            (rising edge-triggered cell FDRE clocked by sys_clk_pin  {rise@0.000ns fall@5.000ns period=10.000ns})
  Destination:            cpu/mem_wb_register_inst/wb_pc_plus4_reg[25]/D
                            (rising edge-triggered cell FDRE clocked by sys_clk_pin  {rise@0.000ns fall@5.000ns period=10.000ns})
  Path Group:             sys_clk_pin
  Path Type:              Hold (Min at Fast Process Corner)
  Requirement:            0.000ns  (sys_clk_pin rise@0.000ns - sys_clk_pin rise@0.000ns)
  Data Path Delay:        0.402ns  (logic 0.141ns (35.112%)  route 0.261ns (64.888%))
  Logic Levels:           0  
  Clock Path Skew:        0.262ns (DCD - SCD - CPR)
    Destination Clock Delay (DCD):    1.913ns
    Source Clock Delay      (SCD):    1.559ns
    Clock Pessimism Removal (CPR):    0.091ns

    Location             Delay type                Incr(ns)  Path(ns)    Netlist Resource(s)
  -------------------------------------------------------------------    -------------------
                         (clock sys_clk_pin rise edge)
                                                      0.000     0.000 r  
    R2                                                0.000     0.000 r  CLK100MHZ (IN)
                         net (fo=0)                   0.000     0.000    CLK100MHZ
    R2                   IBUF (Prop_ibuf_I_O)         0.345     0.345 r  CLK100MHZ_IBUF_inst/O
                         net (fo=1, routed)           0.630     0.975    CLK100MHZ_IBUF
    BUFGCTRL_X0Y0        BUFG (Prop_bufg_I_O)         0.026     1.001 r  CLK100MHZ_IBUF_BUFG_inst/O
                         net (fo=3631, routed)        0.559     1.559    cpu/ex_mem_register_inst/CLK100MHZ_IBUF_BUFG
    SLICE_X13Y61         FDRE                                         r  cpu/ex_mem_register_inst/mem_pc_plus4_reg[25]/C
  -------------------------------------------------------------------    -------------------
    SLICE_X13Y61         FDRE (Prop_fdre_C_Q)         0.141     1.700 r  cpu/ex_mem_register_inst/mem_pc_plus4_reg[25]/Q
                         net (fo=2, routed)           0.261     1.961    cpu/mem_wb_register_inst/wb_pc_plus4_reg[31]_0[25]
    SLICE_X16Y57         FDRE                                         r  cpu/mem_wb_register_inst/wb_pc_plus4_reg[25]/D
  -------------------------------------------------------------------    -------------------

                         (clock sys_clk_pin rise edge)
                                                      0.000     0.000 r  
    R2                                                0.000     0.000 r  CLK100MHZ (IN)
                         net (fo=0)                   0.000     0.000    CLK100MHZ
    R2                   IBUF (Prop_ibuf_I_O)         0.375     0.375 r  CLK100MHZ_IBUF_inst/O
                         net (fo=1, routed)           0.683     1.058    CLK100MHZ_IBUF
    BUFGCTRL_X0Y0        BUFG (Prop_bufg_I_O)         0.029     1.087 r  CLK100MHZ_IBUF_BUFG_inst/O
                         net (fo=3631, routed)        0.826     1.913    cpu/mem_wb_register_inst/CLK100MHZ_IBUF_BUFG
    SLICE_X16Y57         FDRE                                         r  cpu/mem_wb_register_inst/wb_pc_plus4_reg[25]/C
                         clock pessimism             -0.091     1.821    
    SLICE_X16Y57         FDRE (Hold_fdre_C_D)         0.072     1.893    cpu/mem_wb_register_inst/wb_pc_plus4_reg[25]
  -------------------------------------------------------------------
                         required time                         -1.893    
                         arrival time                           1.961    
  -------------------------------------------------------------------
                         slack                                  0.068    

Slack (MET) :             0.069ns  (arrival time - required time)
  Source:                 cpu/ex_mem_register_inst/mem_write_data_reg[25]/C
                            (rising edge-triggered cell FDRE clocked by sys_clk_pin  {rise@0.000ns fall@5.000ns period=10.000ns})
  Destination:            cpu/dmem_inst/ram_reg_512_767_25_25/RAMS64E_D/I
                            (rising edge-triggered cell RAMS64E clocked by sys_clk_pin  {rise@0.000ns fall@5.000ns period=10.000ns})
  Path Group:             sys_clk_pin
  Path Type:              Hold (Min at Fast Process Corner)
  Requirement:            0.000ns  (sys_clk_pin rise@0.000ns - sys_clk_pin rise@0.000ns)
  Data Path Delay:        0.487ns  (logic 0.141ns (28.927%)  route 0.346ns (71.073%))
  Logic Levels:           0  
  Clock Path Skew:        0.275ns (DCD - SCD - CPR)
    Destination Clock Delay (DCD):    1.919ns
    Source Clock Delay      (SCD):    1.557ns
    Clock Pessimism Removal (CPR):    0.086ns

    Location             Delay type                Incr(ns)  Path(ns)    Netlist Resource(s)
  -------------------------------------------------------------------    -------------------
                         (clock sys_clk_pin rise edge)
                                                      0.000     0.000 r  
    R2                                                0.000     0.000 r  CLK100MHZ (IN)
                         net (fo=0)                   0.000     0.000    CLK100MHZ
    R2                   IBUF (Prop_ibuf_I_O)         0.345     0.345 r  CLK100MHZ_IBUF_inst/O
                         net (fo=1, routed)           0.630     0.975    CLK100MHZ_IBUF
    BUFGCTRL_X0Y0        BUFG (Prop_bufg_I_O)         0.026     1.001 r  CLK100MHZ_IBUF_BUFG_inst/O
                         net (fo=3631, routed)        0.557     1.557    cpu/ex_mem_register_inst/CLK100MHZ_IBUF_BUFG
    SLICE_X17Y58         FDRE                                         r  cpu/ex_mem_register_inst/mem_write_data_reg[25]/C
  -------------------------------------------------------------------    -------------------
    SLICE_X17Y58         FDRE (Prop_fdre_C_Q)         0.141     1.698 r  cpu/ex_mem_register_inst/mem_write_data_reg[25]/Q
                         net (fo=64, routed)          0.346     2.045    cpu/dmem_inst/ram_reg_512_767_25_25/D
    SLICE_X22Y45         RAMS64E                                      r  cpu/dmem_inst/ram_reg_512_767_25_25/RAMS64E_D/I
  -------------------------------------------------------------------    -------------------

                         (clock sys_clk_pin rise edge)
                                                      0.000     0.000 r  
    R2                                                0.000     0.000 r  CLK100MHZ (IN)
                         net (fo=0)                   0.000     0.000    CLK100MHZ
    R2                   IBUF (Prop_ibuf_I_O)         0.375     0.375 r  CLK100MHZ_IBUF_inst/O
                         net (fo=1, routed)           0.683     1.058    CLK100MHZ_IBUF
    BUFGCTRL_X0Y0        BUFG (Prop_bufg_I_O)         0.029     1.087 r  CLK100MHZ_IBUF_BUFG_inst/O
                         net (fo=3631, routed)        0.832     1.919    cpu/dmem_inst/ram_reg_512_767_25_25/WCLK
    SLICE_X22Y45         RAMS64E                                      r  cpu/dmem_inst/ram_reg_512_767_25_25/RAMS64E_D/CLK
                         clock pessimism             -0.086     1.832    
    SLICE_X22Y45         RAMS64E (Hold_rams64e_CLK_I)
                                                      0.144     1.976    cpu/dmem_inst/ram_reg_512_767_25_25/RAMS64E_D
  -------------------------------------------------------------------
                         required time                         -1.976    
                         arrival time                           2.045    
  -------------------------------------------------------------------
                         slack                                  0.069    

Slack (MET) :             0.071ns  (arrival time - required time)
  Source:                 cpu/ex_mem_register_inst/mem_write_data_reg[28]/C
                            (rising edge-triggered cell FDRE clocked by sys_clk_pin  {rise@0.000ns fall@5.000ns period=10.000ns})
  Destination:            cpu/dmem_inst/ram_reg_256_511_28_28/RAMS64E_D/I
                            (rising edge-triggered cell RAMS64E clocked by sys_clk_pin  {rise@0.000ns fall@5.000ns period=10.000ns})
  Path Group:             sys_clk_pin
  Path Type:              Hold (Min at Fast Process Corner)
  Requirement:            0.000ns  (sys_clk_pin rise@0.000ns - sys_clk_pin rise@0.000ns)
  Data Path Delay:        0.433ns  (logic 0.128ns (29.562%)  route 0.305ns (70.438%))
  Logic Levels:           0  
  Clock Path Skew:        0.272ns (DCD - SCD - CPR)
    Destination Clock Delay (DCD):    1.919ns
    Source Clock Delay      (SCD):    1.560ns
    Clock Pessimism Removal (CPR):    0.086ns

    Location             Delay type                Incr(ns)  Path(ns)    Netlist Resource(s)
  -------------------------------------------------------------------    -------------------
                         (clock sys_clk_pin rise edge)
                                                      0.000     0.000 r  
    R2                                                0.000     0.000 r  CLK100MHZ (IN)
                         net (fo=0)                   0.000     0.000    CLK100MHZ
    R2                   IBUF (Prop_ibuf_I_O)         0.345     0.345 r  CLK100MHZ_IBUF_inst/O
                         net (fo=1, routed)           0.630     0.975    CLK100MHZ_IBUF
    BUFGCTRL_X0Y0        BUFG (Prop_bufg_I_O)         0.026     1.001 r  CLK100MHZ_IBUF_BUFG_inst/O
                         net (fo=3631, routed)        0.560     1.560    cpu/ex_mem_register_inst/CLK100MHZ_IBUF_BUFG
    SLICE_X13Y57         FDRE                                         r  cpu/ex_mem_register_inst/mem_write_data_reg[28]/C
  -------------------------------------------------------------------    -------------------
    SLICE_X13Y57         FDRE (Prop_fdre_C_Q)         0.128     1.688 r  cpu/ex_mem_register_inst/mem_write_data_reg[28]/Q
                         net (fo=64, routed)          0.305     1.993    cpu/dmem_inst/ram_reg_256_511_28_28/D
    SLICE_X14Y45         RAMS64E                                      r  cpu/dmem_inst/ram_reg_256_511_28_28/RAMS64E_D/I
  -------------------------------------------------------------------    -------------------

                         (clock sys_clk_pin rise edge)
                                                      0.000     0.000 r  
    R2                                                0.000     0.000 r  CLK100MHZ (IN)
                         net (fo=0)                   0.000     0.000    CLK100MHZ
    R2                   IBUF (Prop_ibuf_I_O)         0.375     0.375 r  CLK100MHZ_IBUF_inst/O
                         net (fo=1, routed)           0.683     1.058    CLK100MHZ_IBUF
    BUFGCTRL_X0Y0        BUFG (Prop_bufg_I_O)         0.029     1.087 r  CLK100MHZ_IBUF_BUFG_inst/O
                         net (fo=3631, routed)        0.832     1.919    cpu/dmem_inst/ram_reg_256_511_28_28/WCLK
    SLICE_X14Y45         RAMS64E                                      r  cpu/dmem_inst/ram_reg_256_511_28_28/RAMS64E_D/CLK
                         clock pessimism             -0.086     1.832    
    SLICE_X14Y45         RAMS64E (Hold_rams64e_CLK_I)
                                                      0.090     1.922    cpu/dmem_inst/ram_reg_256_511_28_28/RAMS64E_D
  -------------------------------------------------------------------
                         required time                         -1.922    
                         arrival time                           1.993    
  -------------------------------------------------------------------
                         slack                                  0.071    





Pulse Width Checks
--------------------------------------------------------------------------------------
Clock Name:         sys_clk_pin
Waveform(ns):       { 0.000 5.000 }
Period(ns):         10.000
Sources:            { CLK100MHZ }

Check Type        Corner  Lib Pin      Reference Pin  Required(ns)  Actual(ns)  Slack(ns)  Location       Pin
Min Period        n/a     BUFG/I       n/a            2.155         10.000      7.845      BUFGCTRL_X0Y0  CLK100MHZ_IBUF_BUFG_inst/I
Min Period        n/a     FDCE/C       n/a            1.000         10.000      9.000      SLICE_X4Y24    cpu/rx_buffer_reg[0]/C
Min Period        n/a     FDCE/C       n/a            1.000         10.000      9.000      SLICE_X4Y24    cpu/rx_buffer_reg[1]/C
Min Period        n/a     FDCE/C       n/a            1.000         10.000      9.000      SLICE_X4Y24    cpu/rx_buffer_reg[2]/C
Min Period        n/a     FDCE/C       n/a            1.000         10.000      9.000      SLICE_X4Y24    cpu/rx_buffer_reg[3]/C
Min Period        n/a     FDCE/C       n/a            1.000         10.000      9.000      SLICE_X4Y24    cpu/rx_buffer_reg[4]/C
Min Period        n/a     FDCE/C       n/a            1.000         10.000      9.000      SLICE_X4Y24    cpu/rx_buffer_reg[5]/C
Min Period        n/a     FDCE/C       n/a            1.000         10.000      9.000      SLICE_X5Y31    cpu/rx_buffer_reg[6]/C
Min Period        n/a     FDCE/C       n/a            1.000         10.000      9.000      SLICE_X4Y24    cpu/rx_buffer_reg[7]/C
Min Period        n/a     FDCE/C       n/a            1.000         10.000      9.000      SLICE_X4Y40    cpu/rx_data_ready_reg/C
Low Pulse Width   Slow    RAMS64E/CLK  n/a            1.250         5.000       3.750      SLICE_X14Y29   cpu/dmem_inst/ram_reg_0_255_0_0/RAMS64E_A/CLK
Low Pulse Width   Fast    RAMS64E/CLK  n/a            1.250         5.000       3.750      SLICE_X14Y29   cpu/dmem_inst/ram_reg_0_255_0_0/RAMS64E_A/CLK
Low Pulse Width   Slow    RAMS64E/CLK  n/a            1.250         5.000       3.750      SLICE_X14Y29   cpu/dmem_inst/ram_reg_0_255_0_0/RAMS64E_B/CLK
Low Pulse Width   Fast    RAMS64E/CLK  n/a            1.250         5.000       3.750      SLICE_X14Y29   cpu/dmem_inst/ram_reg_0_255_0_0/RAMS64E_B/CLK
Low Pulse Width   Slow    RAMS64E/CLK  n/a            1.250         5.000       3.750      SLICE_X14Y29   cpu/dmem_inst/ram_reg_0_255_0_0/RAMS64E_C/CLK
Low Pulse Width   Fast    RAMS64E/CLK  n/a            1.250         5.000       3.750      SLICE_X14Y29   cpu/dmem_inst/ram_reg_0_255_0_0/RAMS64E_C/CLK
Low Pulse Width   Slow    RAMS64E/CLK  n/a            1.250         5.000       3.750      SLICE_X14Y29   cpu/dmem_inst/ram_reg_0_255_0_0/RAMS64E_D/CLK
Low Pulse Width   Fast    RAMS64E/CLK  n/a            1.250         5.000       3.750      SLICE_X14Y29   cpu/dmem_inst/ram_reg_0_255_0_0/RAMS64E_D/CLK
Low Pulse Width   Slow    RAMS64E/CLK  n/a            1.250         5.000       3.750      SLICE_X26Y35   cpu/dmem_inst/ram_reg_0_255_10_10/RAMS64E_A/CLK
Low Pulse Width   Fast    RAMS64E/CLK  n/a            1.250         5.000       3.750      SLICE_X26Y35   cpu/dmem_inst/ram_reg_0_255_10_10/RAMS64E_A/CLK
High Pulse Width  Slow    RAMS64E/CLK  n/a            1.250         5.000       3.750      SLICE_X14Y29   cpu/dmem_inst/ram_reg_0_255_0_0/RAMS64E_A/CLK
High Pulse Width  Fast    RAMS64E/CLK  n/a            1.250         5.000       3.750      SLICE_X14Y29   cpu/dmem_inst/ram_reg_0_255_0_0/RAMS64E_A/CLK
High Pulse Width  Slow    RAMS64E/CLK  n/a            1.250         5.000       3.750      SLICE_X14Y29   cpu/dmem_inst/ram_reg_0_255_0_0/RAMS64E_B/CLK
High Pulse Width  Fast    RAMS64E/CLK  n/a            1.250         5.000       3.750      SLICE_X14Y29   cpu/dmem_inst/ram_reg_0_255_0_0/RAMS64E_B/CLK
High Pulse Width  Slow    RAMS64E/CLK  n/a            1.250         5.000       3.750      SLICE_X14Y29   cpu/dmem_inst/ram_reg_0_255_0_0/RAMS64E_C/CLK
High Pulse Width  Fast    RAMS64E/CLK  n/a            1.250         5.000       3.750      SLICE_X14Y29   cpu/dmem_inst/ram_reg_0_255_0_0/RAMS64E_C/CLK
High Pulse Width  Slow    RAMS64E/CLK  n/a            1.250         5.000       3.750      SLICE_X14Y29   cpu/dmem_inst/ram_reg_0_255_0_0/RAMS64E_D/CLK
High Pulse Width  Fast    RAMS64E/CLK  n/a            1.250         5.000       3.750      SLICE_X14Y29   cpu/dmem_inst/ram_reg_0_255_0_0/RAMS64E_D/CLK
High Pulse Width  Slow    RAMS64E/CLK  n/a            1.250         5.000       3.750      SLICE_X26Y35   cpu/dmem_inst/ram_reg_0_255_10_10/RAMS64E_A/CLK
High Pulse Width  Fast    RAMS64E/CLK  n/a            1.250         5.000       3.750      SLICE_X26Y35   cpu/dmem_inst/ram_reg_0_255_10_10/RAMS64E_A/CLK



--------------------------------------------------------------------------------------
Path Group:  (none)
From Clock:  sys_clk_pin
  To Clock:  

Max Delay             1 Endpoint
Min Delay             1 Endpoint
--------------------------------------------------------------------------------------


Max Delay Paths
--------------------------------------------------------------------------------------
Slack:                    inf
  Source:                 tx_inst/tx_reg/C
                            (rising edge-triggered cell FDPE clocked by sys_clk_pin  {rise@0.000ns fall@5.000ns period=10.000ns})
  Destination:            uart_tx
                            (output port)
  Path Group:             (none)
  Path Type:              Max at Slow Process Corner
  Data Path Delay:        6.567ns  (logic 3.944ns (60.057%)  route 2.623ns (39.943%))
  Logic Levels:           1  (OBUF=1)
  Clock Uncertainty:      0.025ns  ((TSJ^2 + TIJ^2)^1/2 + DJ) / 2 + PE
    Total System Jitter     (TSJ):    0.050ns
    Total Input Jitter      (TIJ):    0.000ns
    Discrete Jitter          (DJ):    0.000ns
    Phase Error              (PE):    0.000ns

    Location             Delay type                Incr(ns)  Path(ns)    Netlist Resource(s)
  -------------------------------------------------------------------    -------------------
                         (clock sys_clk_pin rise edge)
                                                      0.000     0.000 r  
    R2                                                0.000     0.000 r  CLK100MHZ (IN)
                         net (fo=0)                   0.000     0.000    CLK100MHZ
    R2                   IBUF (Prop_ibuf_I_O)         0.880     0.880 r  CLK100MHZ_IBUF_inst/O
                         net (fo=1, routed)           1.962     2.841    CLK100MHZ_IBUF
    BUFGCTRL_X0Y0        BUFG (Prop_bufg_I_O)         0.096     2.937 r  CLK100MHZ_IBUF_BUFG_inst/O
                         net (fo=3631, routed)        1.610     4.548    tx_inst/CLK
    SLICE_X3Y24          FDPE                                         r  tx_inst/tx_reg/C
  -------------------------------------------------------------------    -------------------
    SLICE_X3Y24          FDPE (Prop_fdpe_C_Q)         0.456     5.004 r  tx_inst/tx_reg/Q
                         net (fo=1, routed)           2.623     7.627    uart_tx_OBUF
    R12                  OBUF (Prop_obuf_I_O)         3.488    11.114 r  uart_tx_OBUF_inst/O
                         net (fo=0)                   0.000    11.114    uart_tx
    R12                                                               r  uart_tx (OUT)
  -------------------------------------------------------------------    -------------------





Min Delay Paths
--------------------------------------------------------------------------------------
Slack:                    inf
  Source:                 tx_inst/tx_reg/C
                            (rising edge-triggered cell FDPE clocked by sys_clk_pin  {rise@0.000ns fall@5.000ns period=10.000ns})
  Destination:            uart_tx
                            (output port)
  Path Group:             (none)
  Path Type:              Min at Fast Process Corner
  Data Path Delay:        2.051ns  (logic 1.330ns (64.848%)  route 0.721ns (35.152%))
  Logic Levels:           1  (OBUF=1)
  Clock Uncertainty:      0.025ns  ((TSJ^2 + TIJ^2)^1/2 + DJ) / 2 + PE
    Total System Jitter     (TSJ):    0.050ns
    Total Input Jitter      (TIJ):    0.000ns
    Discrete Jitter          (DJ):    0.000ns
    Phase Error              (PE):    0.000ns

    Location             Delay type                Incr(ns)  Path(ns)    Netlist Resource(s)
  -------------------------------------------------------------------    -------------------
                         (clock sys_clk_pin rise edge)
                                                      0.000     0.000 r  
    R2                                                0.000     0.000 r  CLK100MHZ (IN)
                         net (fo=0)                   0.000     0.000    CLK100MHZ
    R2                   IBUF (Prop_ibuf_I_O)         0.345     0.345 r  CLK100MHZ_IBUF_inst/O
                         net (fo=1, routed)           0.630     0.975    CLK100MHZ_IBUF
    BUFGCTRL_X0Y0        BUFG (Prop_bufg_I_O)         0.026     1.001 r  CLK100MHZ_IBUF_BUFG_inst/O
                         net (fo=3631, routed)        0.578     1.578    tx_inst/CLK
    SLICE_X3Y24          FDPE                                         r  tx_inst/tx_reg/C
  -------------------------------------------------------------------    -------------------
    SLICE_X3Y24          FDPE (Prop_fdpe_C_Q)         0.141     1.719 r  tx_inst/tx_reg/Q
                         net (fo=1, routed)           0.721     2.440    uart_tx_OBUF
    R12                  OBUF (Prop_obuf_I_O)         1.189     3.629 r  uart_tx_OBUF_inst/O
                         net (fo=0)                   0.000     3.629    uart_tx
    R12                                                               r  uart_tx (OUT)
  -------------------------------------------------------------------    -------------------





--------------------------------------------------------------------------------------
Path Group:  (none)
From Clock:  
  To Clock:  sys_clk_pin

Max Delay          1625 Endpoints
Min Delay          1625 Endpoints
--------------------------------------------------------------------------------------


Max Delay Paths
--------------------------------------------------------------------------------------
Slack:                    inf
  Source:                 btn[0]
                            (input port)
  Destination:            cpu/my_regfile/regs_reg[16][10]/R
                            (falling edge-triggered cell FDRE clocked by sys_clk_pin  {rise@0.000ns fall@5.000ns period=10.000ns})
  Path Group:             (none)
  Path Type:              Setup (Max at Slow Process Corner)
  Data Path Delay:        10.901ns  (logic 1.460ns (13.391%)  route 9.441ns (86.609%))
  Logic Levels:           1  (IBUF=1)
  Clock Path Skew:        4.213ns (DCD - SCD + CPR)
    Destination Clock Delay (DCD):    4.213ns = ( 9.213 - 5.000 ) 
    Source Clock Delay      (SCD):    0.000ns
    Clock Pessimism Removal (CPR):    0.000ns
  Clock Uncertainty:      0.025ns  ((TSJ^2 + TIJ^2)^1/2 + DJ) / 2 + PE
    Total System Jitter     (TSJ):    0.050ns
    Total Input Jitter      (TIJ):    0.000ns
    Discrete Jitter          (DJ):    0.000ns
    Phase Error              (PE):    0.000ns

    Location             Delay type                Incr(ns)  Path(ns)    Netlist Resource(s)
  -------------------------------------------------------------------    -------------------
    G15                                               0.000     0.000 r  btn[0] (IN)
                         net (fo=0)                   0.000     0.000    btn[0]
    G15                  IBUF (Prop_ibuf_I_O)         1.460     1.460 r  btn_IBUF[0]_inst/O
                         net (fo=1435, routed)        9.441    10.901    cpu/my_regfile/btn_IBUF[0]
    SLICE_X26Y68         FDRE                                         r  cpu/my_regfile/regs_reg[16][10]/R
  -------------------------------------------------------------------    -------------------

                         (clock sys_clk_pin fall edge)
                                                      5.000     5.000 f  
    R2                                                0.000     5.000 f  CLK100MHZ (IN)
                         net (fo=0)                   0.000     5.000    CLK100MHZ
    R2                   IBUF (Prop_ibuf_I_O)         0.839     5.839 f  CLK100MHZ_IBUF_inst/O
                         net (fo=1, routed)           1.859     7.698    CLK100MHZ_IBUF
    BUFGCTRL_X0Y0        BUFG (Prop_bufg_I_O)         0.091     7.789 f  CLK100MHZ_IBUF_BUFG_inst/O
                         net (fo=3631, routed)        1.424     9.213    cpu/my_regfile/CLK100MHZ_IBUF_BUFG
    SLICE_X26Y68         FDRE                                         r  cpu/my_regfile/regs_reg[16][10]/C  (IS_INVERTED)

Slack:                    inf
  Source:                 btn[0]
                            (input port)
  Destination:            cpu/my_regfile/regs_reg[16][13]/R
                            (falling edge-triggered cell FDRE clocked by sys_clk_pin  {rise@0.000ns fall@5.000ns period=10.000ns})
  Path Group:             (none)
  Path Type:              Setup (Max at Slow Process Corner)
  Data Path Delay:        10.901ns  (logic 1.460ns (13.391%)  route 9.441ns (86.609%))
  Logic Levels:           1  (IBUF=1)
  Clock Path Skew:        4.213ns (DCD - SCD + CPR)
    Destination Clock Delay (DCD):    4.213ns = ( 9.213 - 5.000 ) 
    Source Clock Delay      (SCD):    0.000ns
    Clock Pessimism Removal (CPR):    0.000ns
  Clock Uncertainty:      0.025ns  ((TSJ^2 + TIJ^2)^1/2 + DJ) / 2 + PE
    Total System Jitter     (TSJ):    0.050ns
    Total Input Jitter      (TIJ):    0.000ns
    Discrete Jitter          (DJ):    0.000ns
    Phase Error              (PE):    0.000ns

    Location             Delay type                Incr(ns)  Path(ns)    Netlist Resource(s)
  -------------------------------------------------------------------    -------------------
    G15                                               0.000     0.000 r  btn[0] (IN)
                         net (fo=0)                   0.000     0.000    btn[0]
    G15                  IBUF (Prop_ibuf_I_O)         1.460     1.460 r  btn_IBUF[0]_inst/O
                         net (fo=1435, routed)        9.441    10.901    cpu/my_regfile/btn_IBUF[0]
    SLICE_X26Y68         FDRE                                         r  cpu/my_regfile/regs_reg[16][13]/R
  -------------------------------------------------------------------    -------------------

                         (clock sys_clk_pin fall edge)
                                                      5.000     5.000 f  
    R2                                                0.000     5.000 f  CLK100MHZ (IN)
                         net (fo=0)                   0.000     5.000    CLK100MHZ
    R2                   IBUF (Prop_ibuf_I_O)         0.839     5.839 f  CLK100MHZ_IBUF_inst/O
                         net (fo=1, routed)           1.859     7.698    CLK100MHZ_IBUF
    BUFGCTRL_X0Y0        BUFG (Prop_bufg_I_O)         0.091     7.789 f  CLK100MHZ_IBUF_BUFG_inst/O
                         net (fo=3631, routed)        1.424     9.213    cpu/my_regfile/CLK100MHZ_IBUF_BUFG
    SLICE_X26Y68         FDRE                                         r  cpu/my_regfile/regs_reg[16][13]/C  (IS_INVERTED)

Slack:                    inf
  Source:                 btn[0]
                            (input port)
  Destination:            cpu/my_regfile/regs_reg[16][22]/R
                            (falling edge-triggered cell FDRE clocked by sys_clk_pin  {rise@0.000ns fall@5.000ns period=10.000ns})
  Path Group:             (none)
  Path Type:              Setup (Max at Slow Process Corner)
  Data Path Delay:        10.901ns  (logic 1.460ns (13.391%)  route 9.441ns (86.609%))
  Logic Levels:           1  (IBUF=1)
  Clock Path Skew:        4.213ns (DCD - SCD + CPR)
    Destination Clock Delay (DCD):    4.213ns = ( 9.213 - 5.000 ) 
    Source Clock Delay      (SCD):    0.000ns
    Clock Pessimism Removal (CPR):    0.000ns
  Clock Uncertainty:      0.025ns  ((TSJ^2 + TIJ^2)^1/2 + DJ) / 2 + PE
    Total System Jitter     (TSJ):    0.050ns
    Total Input Jitter      (TIJ):    0.000ns
    Discrete Jitter          (DJ):    0.000ns
    Phase Error              (PE):    0.000ns

    Location             Delay type                Incr(ns)  Path(ns)    Netlist Resource(s)
  -------------------------------------------------------------------    -------------------
    G15                                               0.000     0.000 r  btn[0] (IN)
                         net (fo=0)                   0.000     0.000    btn[0]
    G15                  IBUF (Prop_ibuf_I_O)         1.460     1.460 r  btn_IBUF[0]_inst/O
                         net (fo=1435, routed)        9.441    10.901    cpu/my_regfile/btn_IBUF[0]
    SLICE_X26Y68         FDRE                                         r  cpu/my_regfile/regs_reg[16][22]/R
  -------------------------------------------------------------------    -------------------

                         (clock sys_clk_pin fall edge)
                                                      5.000     5.000 f  
    R2                                                0.000     5.000 f  CLK100MHZ (IN)
                         net (fo=0)                   0.000     5.000    CLK100MHZ
    R2                   IBUF (Prop_ibuf_I_O)         0.839     5.839 f  CLK100MHZ_IBUF_inst/O
                         net (fo=1, routed)           1.859     7.698    CLK100MHZ_IBUF
    BUFGCTRL_X0Y0        BUFG (Prop_bufg_I_O)         0.091     7.789 f  CLK100MHZ_IBUF_BUFG_inst/O
                         net (fo=3631, routed)        1.424     9.213    cpu/my_regfile/CLK100MHZ_IBUF_BUFG
    SLICE_X26Y68         FDRE                                         r  cpu/my_regfile/regs_reg[16][22]/C  (IS_INVERTED)

Slack:                    inf
  Source:                 btn[0]
                            (input port)
  Destination:            cpu/my_regfile/regs_reg[16][23]/R
                            (falling edge-triggered cell FDRE clocked by sys_clk_pin  {rise@0.000ns fall@5.000ns period=10.000ns})
  Path Group:             (none)
  Path Type:              Setup (Max at Slow Process Corner)
  Data Path Delay:        10.901ns  (logic 1.460ns (13.391%)  route 9.441ns (86.609%))
  Logic Levels:           1  (IBUF=1)
  Clock Path Skew:        4.213ns (DCD - SCD + CPR)
    Destination Clock Delay (DCD):    4.213ns = ( 9.213 - 5.000 ) 
    Source Clock Delay      (SCD):    0.000ns
    Clock Pessimism Removal (CPR):    0.000ns
  Clock Uncertainty:      0.025ns  ((TSJ^2 + TIJ^2)^1/2 + DJ) / 2 + PE
    Total System Jitter     (TSJ):    0.050ns
    Total Input Jitter      (TIJ):    0.000ns
    Discrete Jitter          (DJ):    0.000ns
    Phase Error              (PE):    0.000ns

    Location             Delay type                Incr(ns)  Path(ns)    Netlist Resource(s)
  -------------------------------------------------------------------    -------------------
    G15                                               0.000     0.000 r  btn[0] (IN)
                         net (fo=0)                   0.000     0.000    btn[0]
    G15                  IBUF (Prop_ibuf_I_O)         1.460     1.460 r  btn_IBUF[0]_inst/O
                         net (fo=1435, routed)        9.441    10.901    cpu/my_regfile/btn_IBUF[0]
    SLICE_X26Y68         FDRE                                         r  cpu/my_regfile/regs_reg[16][23]/R
  -------------------------------------------------------------------    -------------------

                         (clock sys_clk_pin fall edge)
                                                      5.000     5.000 f  
    R2                                                0.000     5.000 f  CLK100MHZ (IN)
                         net (fo=0)                   0.000     5.000    CLK100MHZ
    R2                   IBUF (Prop_ibuf_I_O)         0.839     5.839 f  CLK100MHZ_IBUF_inst/O
                         net (fo=1, routed)           1.859     7.698    CLK100MHZ_IBUF
    BUFGCTRL_X0Y0        BUFG (Prop_bufg_I_O)         0.091     7.789 f  CLK100MHZ_IBUF_BUFG_inst/O
                         net (fo=3631, routed)        1.424     9.213    cpu/my_regfile/CLK100MHZ_IBUF_BUFG
    SLICE_X26Y68         FDRE                                         r  cpu/my_regfile/regs_reg[16][23]/C  (IS_INVERTED)

Slack:                    inf
  Source:                 btn[0]
                            (input port)
  Destination:            cpu/my_regfile/regs_reg[16][24]/R
                            (falling edge-triggered cell FDRE clocked by sys_clk_pin  {rise@0.000ns fall@5.000ns period=10.000ns})
  Path Group:             (none)
  Path Type:              Setup (Max at Slow Process Corner)
  Data Path Delay:        10.901ns  (logic 1.460ns (13.391%)  route 9.441ns (86.609%))
  Logic Levels:           1  (IBUF=1)
  Clock Path Skew:        4.213ns (DCD - SCD + CPR)
    Destination Clock Delay (DCD):    4.213ns = ( 9.213 - 5.000 ) 
    Source Clock Delay      (SCD):    0.000ns
    Clock Pessimism Removal (CPR):    0.000ns
  Clock Uncertainty:      0.025ns  ((TSJ^2 + TIJ^2)^1/2 + DJ) / 2 + PE
    Total System Jitter     (TSJ):    0.050ns
    Total Input Jitter      (TIJ):    0.000ns
    Discrete Jitter          (DJ):    0.000ns
    Phase Error              (PE):    0.000ns

    Location             Delay type                Incr(ns)  Path(ns)    Netlist Resource(s)
  -------------------------------------------------------------------    -------------------
    G15                                               0.000     0.000 r  btn[0] (IN)
                         net (fo=0)                   0.000     0.000    btn[0]
    G15                  IBUF (Prop_ibuf_I_O)         1.460     1.460 r  btn_IBUF[0]_inst/O
                         net (fo=1435, routed)        9.441    10.901    cpu/my_regfile/btn_IBUF[0]
    SLICE_X26Y68         FDRE                                         r  cpu/my_regfile/regs_reg[16][24]/R
  -------------------------------------------------------------------    -------------------

                         (clock sys_clk_pin fall edge)
                                                      5.000     5.000 f  
    R2                                                0.000     5.000 f  CLK100MHZ (IN)
                         net (fo=0)                   0.000     5.000    CLK100MHZ
    R2                   IBUF (Prop_ibuf_I_O)         0.839     5.839 f  CLK100MHZ_IBUF_inst/O
                         net (fo=1, routed)           1.859     7.698    CLK100MHZ_IBUF
    BUFGCTRL_X0Y0        BUFG (Prop_bufg_I_O)         0.091     7.789 f  CLK100MHZ_IBUF_BUFG_inst/O
                         net (fo=3631, routed)        1.424     9.213    cpu/my_regfile/CLK100MHZ_IBUF_BUFG
    SLICE_X26Y68         FDRE                                         r  cpu/my_regfile/regs_reg[16][24]/C  (IS_INVERTED)

Slack:                    inf
  Source:                 btn[0]
                            (input port)
  Destination:            cpu/my_regfile/regs_reg[16][25]/R
                            (falling edge-triggered cell FDRE clocked by sys_clk_pin  {rise@0.000ns fall@5.000ns period=10.000ns})
  Path Group:             (none)
  Path Type:              Setup (Max at Slow Process Corner)
  Data Path Delay:        10.901ns  (logic 1.460ns (13.391%)  route 9.441ns (86.609%))
  Logic Levels:           1  (IBUF=1)
  Clock Path Skew:        4.213ns (DCD - SCD + CPR)
    Destination Clock Delay (DCD):    4.213ns = ( 9.213 - 5.000 ) 
    Source Clock Delay      (SCD):    0.000ns
    Clock Pessimism Removal (CPR):    0.000ns
  Clock Uncertainty:      0.025ns  ((TSJ^2 + TIJ^2)^1/2 + DJ) / 2 + PE
    Total System Jitter     (TSJ):    0.050ns
    Total Input Jitter      (TIJ):    0.000ns
    Discrete Jitter          (DJ):    0.000ns
    Phase Error              (PE):    0.000ns

    Location             Delay type                Incr(ns)  Path(ns)    Netlist Resource(s)
  -------------------------------------------------------------------    -------------------
    G15                                               0.000     0.000 r  btn[0] (IN)
                         net (fo=0)                   0.000     0.000    btn[0]
    G15                  IBUF (Prop_ibuf_I_O)         1.460     1.460 r  btn_IBUF[0]_inst/O
                         net (fo=1435, routed)        9.441    10.901    cpu/my_regfile/btn_IBUF[0]
    SLICE_X26Y68         FDRE                                         r  cpu/my_regfile/regs_reg[16][25]/R
  -------------------------------------------------------------------    -------------------

                         (clock sys_clk_pin fall edge)
                                                      5.000     5.000 f  
    R2                                                0.000     5.000 f  CLK100MHZ (IN)
                         net (fo=0)                   0.000     5.000    CLK100MHZ
    R2                   IBUF (Prop_ibuf_I_O)         0.839     5.839 f  CLK100MHZ_IBUF_inst/O
                         net (fo=1, routed)           1.859     7.698    CLK100MHZ_IBUF
    BUFGCTRL_X0Y0        BUFG (Prop_bufg_I_O)         0.091     7.789 f  CLK100MHZ_IBUF_BUFG_inst/O
                         net (fo=3631, routed)        1.424     9.213    cpu/my_regfile/CLK100MHZ_IBUF_BUFG
    SLICE_X26Y68         FDRE                                         r  cpu/my_regfile/regs_reg[16][25]/C  (IS_INVERTED)

Slack:                    inf
  Source:                 btn[0]
                            (input port)
  Destination:            cpu/my_regfile/regs_reg[16][27]/R
                            (falling edge-triggered cell FDRE clocked by sys_clk_pin  {rise@0.000ns fall@5.000ns period=10.000ns})
  Path Group:             (none)
  Path Type:              Setup (Max at Slow Process Corner)
  Data Path Delay:        10.901ns  (logic 1.460ns (13.391%)  route 9.441ns (86.609%))
  Logic Levels:           1  (IBUF=1)
  Clock Path Skew:        4.213ns (DCD - SCD + CPR)
    Destination Clock Delay (DCD):    4.213ns = ( 9.213 - 5.000 ) 
    Source Clock Delay      (SCD):    0.000ns
    Clock Pessimism Removal (CPR):    0.000ns
  Clock Uncertainty:      0.025ns  ((TSJ^2 + TIJ^2)^1/2 + DJ) / 2 + PE
    Total System Jitter     (TSJ):    0.050ns
    Total Input Jitter      (TIJ):    0.000ns
    Discrete Jitter          (DJ):    0.000ns
    Phase Error              (PE):    0.000ns

    Location             Delay type                Incr(ns)  Path(ns)    Netlist Resource(s)
  -------------------------------------------------------------------    -------------------
    G15                                               0.000     0.000 r  btn[0] (IN)
                         net (fo=0)                   0.000     0.000    btn[0]
    G15                  IBUF (Prop_ibuf_I_O)         1.460     1.460 r  btn_IBUF[0]_inst/O
                         net (fo=1435, routed)        9.441    10.901    cpu/my_regfile/btn_IBUF[0]
    SLICE_X26Y68         FDRE                                         r  cpu/my_regfile/regs_reg[16][27]/R
  -------------------------------------------------------------------    -------------------

                         (clock sys_clk_pin fall edge)
                                                      5.000     5.000 f  
    R2                                                0.000     5.000 f  CLK100MHZ (IN)
                         net (fo=0)                   0.000     5.000    CLK100MHZ
    R2                   IBUF (Prop_ibuf_I_O)         0.839     5.839 f  CLK100MHZ_IBUF_inst/O
                         net (fo=1, routed)           1.859     7.698    CLK100MHZ_IBUF
    BUFGCTRL_X0Y0        BUFG (Prop_bufg_I_O)         0.091     7.789 f  CLK100MHZ_IBUF_BUFG_inst/O
                         net (fo=3631, routed)        1.424     9.213    cpu/my_regfile/CLK100MHZ_IBUF_BUFG
    SLICE_X26Y68         FDRE                                         r  cpu/my_regfile/regs_reg[16][27]/C  (IS_INVERTED)

Slack:                    inf
  Source:                 btn[0]
                            (input port)
  Destination:            cpu/my_regfile/regs_reg[16][3]/R
                            (falling edge-triggered cell FDRE clocked by sys_clk_pin  {rise@0.000ns fall@5.000ns period=10.000ns})
  Path Group:             (none)
  Path Type:              Setup (Max at Slow Process Corner)
  Data Path Delay:        10.901ns  (logic 1.460ns (13.391%)  route 9.441ns (86.609%))
  Logic Levels:           1  (IBUF=1)
  Clock Path Skew:        4.213ns (DCD - SCD + CPR)
    Destination Clock Delay (DCD):    4.213ns = ( 9.213 - 5.000 ) 
    Source Clock Delay      (SCD):    0.000ns
    Clock Pessimism Removal (CPR):    0.000ns
  Clock Uncertainty:      0.025ns  ((TSJ^2 + TIJ^2)^1/2 + DJ) / 2 + PE
    Total System Jitter     (TSJ):    0.050ns
    Total Input Jitter      (TIJ):    0.000ns
    Discrete Jitter          (DJ):    0.000ns
    Phase Error              (PE):    0.000ns

    Location             Delay type                Incr(ns)  Path(ns)    Netlist Resource(s)
  -------------------------------------------------------------------    -------------------
    G15                                               0.000     0.000 r  btn[0] (IN)
                         net (fo=0)                   0.000     0.000    btn[0]
    G15                  IBUF (Prop_ibuf_I_O)         1.460     1.460 r  btn_IBUF[0]_inst/O
                         net (fo=1435, routed)        9.441    10.901    cpu/my_regfile/btn_IBUF[0]
    SLICE_X26Y68         FDRE                                         r  cpu/my_regfile/regs_reg[16][3]/R
  -------------------------------------------------------------------    -------------------

                         (clock sys_clk_pin fall edge)
                                                      5.000     5.000 f  
    R2                                                0.000     5.000 f  CLK100MHZ (IN)
                         net (fo=0)                   0.000     5.000    CLK100MHZ
    R2                   IBUF (Prop_ibuf_I_O)         0.839     5.839 f  CLK100MHZ_IBUF_inst/O
                         net (fo=1, routed)           1.859     7.698    CLK100MHZ_IBUF
    BUFGCTRL_X0Y0        BUFG (Prop_bufg_I_O)         0.091     7.789 f  CLK100MHZ_IBUF_BUFG_inst/O
                         net (fo=3631, routed)        1.424     9.213    cpu/my_regfile/CLK100MHZ_IBUF_BUFG
    SLICE_X26Y68         FDRE                                         r  cpu/my_regfile/regs_reg[16][3]/C  (IS_INVERTED)

Slack:                    inf
  Source:                 btn[0]
                            (input port)
  Destination:            cpu/my_regfile/regs_reg[4][10]/R
                            (falling edge-triggered cell FDRE clocked by sys_clk_pin  {rise@0.000ns fall@5.000ns period=10.000ns})
  Path Group:             (none)
  Path Type:              Setup (Max at Slow Process Corner)
  Data Path Delay:        10.901ns  (logic 1.460ns (13.391%)  route 9.441ns (86.609%))
  Logic Levels:           1  (IBUF=1)
  Clock Path Skew:        4.213ns (DCD - SCD + CPR)
    Destination Clock Delay (DCD):    4.213ns = ( 9.213 - 5.000 ) 
    Source Clock Delay      (SCD):    0.000ns
    Clock Pessimism Removal (CPR):    0.000ns
  Clock Uncertainty:      0.025ns  ((TSJ^2 + TIJ^2)^1/2 + DJ) / 2 + PE
    Total System Jitter     (TSJ):    0.050ns
    Total Input Jitter      (TIJ):    0.000ns
    Discrete Jitter          (DJ):    0.000ns
    Phase Error              (PE):    0.000ns

    Location             Delay type                Incr(ns)  Path(ns)    Netlist Resource(s)
  -------------------------------------------------------------------    -------------------
    G15                                               0.000     0.000 r  btn[0] (IN)
                         net (fo=0)                   0.000     0.000    btn[0]
    G15                  IBUF (Prop_ibuf_I_O)         1.460     1.460 r  btn_IBUF[0]_inst/O
                         net (fo=1435, routed)        9.441    10.901    cpu/my_regfile/btn_IBUF[0]
    SLICE_X27Y68         FDRE                                         r  cpu/my_regfile/regs_reg[4][10]/R
  -------------------------------------------------------------------    -------------------

                         (clock sys_clk_pin fall edge)
                                                      5.000     5.000 f  
    R2                                                0.000     5.000 f  CLK100MHZ (IN)
                         net (fo=0)                   0.000     5.000    CLK100MHZ
    R2                   IBUF (Prop_ibuf_I_O)         0.839     5.839 f  CLK100MHZ_IBUF_inst/O
                         net (fo=1, routed)           1.859     7.698    CLK100MHZ_IBUF
    BUFGCTRL_X0Y0        BUFG (Prop_bufg_I_O)         0.091     7.789 f  CLK100MHZ_IBUF_BUFG_inst/O
                         net (fo=3631, routed)        1.424     9.213    cpu/my_regfile/CLK100MHZ_IBUF_BUFG
    SLICE_X27Y68         FDRE                                         r  cpu/my_regfile/regs_reg[4][10]/C  (IS_INVERTED)

Slack:                    inf
  Source:                 btn[0]
                            (input port)
  Destination:            cpu/my_regfile/regs_reg[4][13]/R
                            (falling edge-triggered cell FDRE clocked by sys_clk_pin  {rise@0.000ns fall@5.000ns period=10.000ns})
  Path Group:             (none)
  Path Type:              Setup (Max at Slow Process Corner)
  Data Path Delay:        10.901ns  (logic 1.460ns (13.391%)  route 9.441ns (86.609%))
  Logic Levels:           1  (IBUF=1)
  Clock Path Skew:        4.213ns (DCD - SCD + CPR)
    Destination Clock Delay (DCD):    4.213ns = ( 9.213 - 5.000 ) 
    Source Clock Delay      (SCD):    0.000ns
    Clock Pessimism Removal (CPR):    0.000ns
  Clock Uncertainty:      0.025ns  ((TSJ^2 + TIJ^2)^1/2 + DJ) / 2 + PE
    Total System Jitter     (TSJ):    0.050ns
    Total Input Jitter      (TIJ):    0.000ns
    Discrete Jitter          (DJ):    0.000ns
    Phase Error              (PE):    0.000ns

    Location             Delay type                Incr(ns)  Path(ns)    Netlist Resource(s)
  -------------------------------------------------------------------    -------------------
    G15                                               0.000     0.000 r  btn[0] (IN)
                         net (fo=0)                   0.000     0.000    btn[0]
    G15                  IBUF (Prop_ibuf_I_O)         1.460     1.460 r  btn_IBUF[0]_inst/O
                         net (fo=1435, routed)        9.441    10.901    cpu/my_regfile/btn_IBUF[0]
    SLICE_X27Y68         FDRE                                         r  cpu/my_regfile/regs_reg[4][13]/R
  -------------------------------------------------------------------    -------------------

                         (clock sys_clk_pin fall edge)
                                                      5.000     5.000 f  
    R2                                                0.000     5.000 f  CLK100MHZ (IN)
                         net (fo=0)                   0.000     5.000    CLK100MHZ
    R2                   IBUF (Prop_ibuf_I_O)         0.839     5.839 f  CLK100MHZ_IBUF_inst/O
                         net (fo=1, routed)           1.859     7.698    CLK100MHZ_IBUF
    BUFGCTRL_X0Y0        BUFG (Prop_bufg_I_O)         0.091     7.789 f  CLK100MHZ_IBUF_BUFG_inst/O
                         net (fo=3631, routed)        1.424     9.213    cpu/my_regfile/CLK100MHZ_IBUF_BUFG
    SLICE_X27Y68         FDRE                                         r  cpu/my_regfile/regs_reg[4][13]/C  (IS_INVERTED)





Min Delay Paths
--------------------------------------------------------------------------------------
Slack:                    inf
  Source:                 btn[0]
                            (input port)
  Destination:            cpu/my_regfile/regs_reg[24][0]/R
                            (falling edge-triggered cell FDRE clocked by sys_clk_pin  {rise@0.000ns fall@5.000ns period=10.000ns})
  Path Group:             (none)
  Path Type:              Hold (Min at Fast Process Corner)
  Data Path Delay:        0.608ns  (logic 0.228ns (37.452%)  route 0.380ns (62.548%))
  Logic Levels:           1  (IBUF=1)
  Clock Path Skew:        1.942ns (DCD - SCD - CPR)
    Destination Clock Delay (DCD):    1.942ns = ( 6.942 - 5.000 ) 
    Source Clock Delay      (SCD):    0.000ns
    Clock Pessimism Removal (CPR):    -0.000ns

    Location             Delay type                Incr(ns)  Path(ns)    Netlist Resource(s)
  -------------------------------------------------------------------    -------------------
    G15                                               0.000     0.000 r  btn[0] (IN)
                         net (fo=0)                   0.000     0.000    btn[0]
    G15                  IBUF (Prop_ibuf_I_O)         0.228     0.228 r  btn_IBUF[0]_inst/O
                         net (fo=1435, routed)        0.380     0.608    cpu/my_regfile/btn_IBUF[0]
    SLICE_X1Y63          FDRE                                         r  cpu/my_regfile/regs_reg[24][0]/R
  -------------------------------------------------------------------    -------------------

                         (clock sys_clk_pin fall edge)
                                                      5.000     5.000 f  
    R2                                                0.000     5.000 f  CLK100MHZ (IN)
                         net (fo=0)                   0.000     5.000    CLK100MHZ
    R2                   IBUF (Prop_ibuf_I_O)         0.375     5.375 f  CLK100MHZ_IBUF_inst/O
                         net (fo=1, routed)           0.683     6.058    CLK100MHZ_IBUF
    BUFGCTRL_X0Y0        BUFG (Prop_bufg_I_O)         0.029     6.087 f  CLK100MHZ_IBUF_BUFG_inst/O
                         net (fo=3631, routed)        0.854     6.942    cpu/my_regfile/CLK100MHZ_IBUF_BUFG
    SLICE_X1Y63          FDRE                                         r  cpu/my_regfile/regs_reg[24][0]/C  (IS_INVERTED)

Slack:                    inf
  Source:                 btn[0]
                            (input port)
  Destination:            cpu/my_regfile/regs_reg[24][1]/R
                            (falling edge-triggered cell FDRE clocked by sys_clk_pin  {rise@0.000ns fall@5.000ns period=10.000ns})
  Path Group:             (none)
  Path Type:              Hold (Min at Fast Process Corner)
  Data Path Delay:        0.608ns  (logic 0.228ns (37.452%)  route 0.380ns (62.548%))
  Logic Levels:           1  (IBUF=1)
  Clock Path Skew:        1.942ns (DCD - SCD - CPR)
    Destination Clock Delay (DCD):    1.942ns = ( 6.942 - 5.000 ) 
    Source Clock Delay      (SCD):    0.000ns
    Clock Pessimism Removal (CPR):    -0.000ns

    Location             Delay type                Incr(ns)  Path(ns)    Netlist Resource(s)
  -------------------------------------------------------------------    -------------------
    G15                                               0.000     0.000 r  btn[0] (IN)
                         net (fo=0)                   0.000     0.000    btn[0]
    G15                  IBUF (Prop_ibuf_I_O)         0.228     0.228 r  btn_IBUF[0]_inst/O
                         net (fo=1435, routed)        0.380     0.608    cpu/my_regfile/btn_IBUF[0]
    SLICE_X1Y63          FDRE                                         r  cpu/my_regfile/regs_reg[24][1]/R
  -------------------------------------------------------------------    -------------------

                         (clock sys_clk_pin fall edge)
                                                      5.000     5.000 f  
    R2                                                0.000     5.000 f  CLK100MHZ (IN)
                         net (fo=0)                   0.000     5.000    CLK100MHZ
    R2                   IBUF (Prop_ibuf_I_O)         0.375     5.375 f  CLK100MHZ_IBUF_inst/O
                         net (fo=1, routed)           0.683     6.058    CLK100MHZ_IBUF
    BUFGCTRL_X0Y0        BUFG (Prop_bufg_I_O)         0.029     6.087 f  CLK100MHZ_IBUF_BUFG_inst/O
                         net (fo=3631, routed)        0.854     6.942    cpu/my_regfile/CLK100MHZ_IBUF_BUFG
    SLICE_X1Y63          FDRE                                         r  cpu/my_regfile/regs_reg[24][1]/C  (IS_INVERTED)

Slack:                    inf
  Source:                 btn[0]
                            (input port)
  Destination:            cpu/my_regfile/regs_reg[16][0]/R
                            (falling edge-triggered cell FDRE clocked by sys_clk_pin  {rise@0.000ns fall@5.000ns period=10.000ns})
  Path Group:             (none)
  Path Type:              Hold (Min at Fast Process Corner)
  Data Path Delay:        0.612ns  (logic 0.228ns (37.186%)  route 0.385ns (62.814%))
  Logic Levels:           1  (IBUF=1)
  Clock Path Skew:        1.942ns (DCD - SCD - CPR)
    Destination Clock Delay (DCD):    1.942ns = ( 6.942 - 5.000 ) 
    Source Clock Delay      (SCD):    0.000ns
    Clock Pessimism Removal (CPR):    -0.000ns

    Location             Delay type                Incr(ns)  Path(ns)    Netlist Resource(s)
  -------------------------------------------------------------------    -------------------
    G15                                               0.000     0.000 r  btn[0] (IN)
                         net (fo=0)                   0.000     0.000    btn[0]
    G15                  IBUF (Prop_ibuf_I_O)         0.228     0.228 r  btn_IBUF[0]_inst/O
                         net (fo=1435, routed)        0.385     0.612    cpu/my_regfile/btn_IBUF[0]
    SLICE_X0Y63          FDRE                                         r  cpu/my_regfile/regs_reg[16][0]/R
  -------------------------------------------------------------------    -------------------

                         (clock sys_clk_pin fall edge)
                                                      5.000     5.000 f  
    R2                                                0.000     5.000 f  CLK100MHZ (IN)
                         net (fo=0)                   0.000     5.000    CLK100MHZ
    R2                   IBUF (Prop_ibuf_I_O)         0.375     5.375 f  CLK100MHZ_IBUF_inst/O
                         net (fo=1, routed)           0.683     6.058    CLK100MHZ_IBUF
    BUFGCTRL_X0Y0        BUFG (Prop_bufg_I_O)         0.029     6.087 f  CLK100MHZ_IBUF_BUFG_inst/O
                         net (fo=3631, routed)        0.854     6.942    cpu/my_regfile/CLK100MHZ_IBUF_BUFG
    SLICE_X0Y63          FDRE                                         r  cpu/my_regfile/regs_reg[16][0]/C  (IS_INVERTED)

Slack:                    inf
  Source:                 btn[0]
                            (input port)
  Destination:            cpu/my_regfile/regs_reg[16][1]/R
                            (falling edge-triggered cell FDRE clocked by sys_clk_pin  {rise@0.000ns fall@5.000ns period=10.000ns})
  Path Group:             (none)
  Path Type:              Hold (Min at Fast Process Corner)
  Data Path Delay:        0.612ns  (logic 0.228ns (37.186%)  route 0.385ns (62.814%))
  Logic Levels:           1  (IBUF=1)
  Clock Path Skew:        1.942ns (DCD - SCD - CPR)
    Destination Clock Delay (DCD):    1.942ns = ( 6.942 - 5.000 ) 
    Source Clock Delay      (SCD):    0.000ns
    Clock Pessimism Removal (CPR):    -0.000ns

    Location             Delay type                Incr(ns)  Path(ns)    Netlist Resource(s)
  -------------------------------------------------------------------    -------------------
    G15                                               0.000     0.000 r  btn[0] (IN)
                         net (fo=0)                   0.000     0.000    btn[0]
    G15                  IBUF (Prop_ibuf_I_O)         0.228     0.228 r  btn_IBUF[0]_inst/O
                         net (fo=1435, routed)        0.385     0.612    cpu/my_regfile/btn_IBUF[0]
    SLICE_X0Y63          FDRE                                         r  cpu/my_regfile/regs_reg[16][1]/R
  -------------------------------------------------------------------    -------------------

                         (clock sys_clk_pin fall edge)
                                                      5.000     5.000 f  
    R2                                                0.000     5.000 f  CLK100MHZ (IN)
                         net (fo=0)                   0.000     5.000    CLK100MHZ
    R2                   IBUF (Prop_ibuf_I_O)         0.375     5.375 f  CLK100MHZ_IBUF_inst/O
                         net (fo=1, routed)           0.683     6.058    CLK100MHZ_IBUF
    BUFGCTRL_X0Y0        BUFG (Prop_bufg_I_O)         0.029     6.087 f  CLK100MHZ_IBUF_BUFG_inst/O
                         net (fo=3631, routed)        0.854     6.942    cpu/my_regfile/CLK100MHZ_IBUF_BUFG
    SLICE_X0Y63          FDRE                                         r  cpu/my_regfile/regs_reg[16][1]/C  (IS_INVERTED)

Slack:                    inf
  Source:                 btn[0]
                            (input port)
  Destination:            cpu/my_regfile/regs_reg[13][0]/R
                            (falling edge-triggered cell FDRE clocked by sys_clk_pin  {rise@0.000ns fall@5.000ns period=10.000ns})
  Path Group:             (none)
  Path Type:              Hold (Min at Fast Process Corner)
  Data Path Delay:        0.672ns  (logic 0.228ns (33.898%)  route 0.444ns (66.102%))
  Logic Levels:           1  (IBUF=1)
  Clock Path Skew:        1.943ns (DCD - SCD - CPR)
    Destination Clock Delay (DCD):    1.943ns = ( 6.943 - 5.000 ) 
    Source Clock Delay      (SCD):    0.000ns
    Clock Pessimism Removal (CPR):    -0.000ns

    Location             Delay type                Incr(ns)  Path(ns)    Netlist Resource(s)
  -------------------------------------------------------------------    -------------------
    G15                                               0.000     0.000 r  btn[0] (IN)
                         net (fo=0)                   0.000     0.000    btn[0]
    G15                  IBUF (Prop_ibuf_I_O)         0.228     0.228 r  btn_IBUF[0]_inst/O
                         net (fo=1435, routed)        0.444     0.672    cpu/my_regfile/btn_IBUF[0]
    SLICE_X1Y62          FDRE                                         r  cpu/my_regfile/regs_reg[13][0]/R
  -------------------------------------------------------------------    -------------------

                         (clock sys_clk_pin fall edge)
                                                      5.000     5.000 f  
    R2                                                0.000     5.000 f  CLK100MHZ (IN)
                         net (fo=0)                   0.000     5.000    CLK100MHZ
    R2                   IBUF (Prop_ibuf_I_O)         0.375     5.375 f  CLK100MHZ_IBUF_inst/O
                         net (fo=1, routed)           0.683     6.058    CLK100MHZ_IBUF
    BUFGCTRL_X0Y0        BUFG (Prop_bufg_I_O)         0.029     6.087 f  CLK100MHZ_IBUF_BUFG_inst/O
                         net (fo=3631, routed)        0.855     6.943    cpu/my_regfile/CLK100MHZ_IBUF_BUFG
    SLICE_X1Y62          FDRE                                         r  cpu/my_regfile/regs_reg[13][0]/C  (IS_INVERTED)

Slack:                    inf
  Source:                 btn[0]
                            (input port)
  Destination:            cpu/if_stage_inst/instr_id_out_reg[24]/R
                            (rising edge-triggered cell FDRE clocked by sys_clk_pin  {rise@0.000ns fall@5.000ns period=10.000ns})
  Path Group:             (none)
  Path Type:              Hold (Min at Fast Process Corner)
  Data Path Delay:        0.676ns  (logic 0.228ns (33.680%)  route 0.448ns (66.320%))
  Logic Levels:           1  (IBUF=1)
  Clock Path Skew:        1.943ns (DCD - SCD - CPR)
    Destination Clock Delay (DCD):    1.943ns
    Source Clock Delay      (SCD):    0.000ns
    Clock Pessimism Removal (CPR):    -0.000ns

    Location             Delay type                Incr(ns)  Path(ns)    Netlist Resource(s)
  -------------------------------------------------------------------    -------------------
    G15                                               0.000     0.000 r  btn[0] (IN)
                         net (fo=0)                   0.000     0.000    btn[0]
    G15                  IBUF (Prop_ibuf_I_O)         0.228     0.228 r  btn_IBUF[0]_inst/O
                         net (fo=1435, routed)        0.448     0.676    cpu/if_stage_inst/btn_IBUF[0]
    SLICE_X0Y62          FDRE                                         r  cpu/if_stage_inst/instr_id_out_reg[24]/R
  -------------------------------------------------------------------    -------------------

                         (clock sys_clk_pin rise edge)
                                                      0.000     0.000 r  
    R2                                                0.000     0.000 r  CLK100MHZ (IN)
                         net (fo=0)                   0.000     0.000    CLK100MHZ
    R2                   IBUF (Prop_ibuf_I_O)         0.375     0.375 r  CLK100MHZ_IBUF_inst/O
                         net (fo=1, routed)           0.683     1.058    CLK100MHZ_IBUF
    BUFGCTRL_X0Y0        BUFG (Prop_bufg_I_O)         0.029     1.087 r  CLK100MHZ_IBUF_BUFG_inst/O
                         net (fo=3631, routed)        0.855     1.943    cpu/if_stage_inst/CLK100MHZ_IBUF_BUFG
    SLICE_X0Y62          FDRE                                         r  cpu/if_stage_inst/instr_id_out_reg[24]/C

Slack:                    inf
  Source:                 btn[0]
                            (input port)
  Destination:            cpu/my_regfile/regs_reg[28][0]/R
                            (falling edge-triggered cell FDRE clocked by sys_clk_pin  {rise@0.000ns fall@5.000ns period=10.000ns})
  Path Group:             (none)
  Path Type:              Hold (Min at Fast Process Corner)
  Data Path Delay:        0.689ns  (logic 0.228ns (33.070%)  route 0.461ns (66.930%))
  Logic Levels:           1  (IBUF=1)
  Clock Path Skew:        1.942ns (DCD - SCD - CPR)
    Destination Clock Delay (DCD):    1.942ns = ( 6.942 - 5.000 ) 
    Source Clock Delay      (SCD):    0.000ns
    Clock Pessimism Removal (CPR):    -0.000ns

    Location             Delay type                Incr(ns)  Path(ns)    Netlist Resource(s)
  -------------------------------------------------------------------    -------------------
    G15                                               0.000     0.000 r  btn[0] (IN)
                         net (fo=0)                   0.000     0.000    btn[0]
    G15                  IBUF (Prop_ibuf_I_O)         0.228     0.228 r  btn_IBUF[0]_inst/O
                         net (fo=1435, routed)        0.461     0.689    cpu/my_regfile/btn_IBUF[0]
    SLICE_X1Y64          FDRE                                         r  cpu/my_regfile/regs_reg[28][0]/R
  -------------------------------------------------------------------    -------------------

                         (clock sys_clk_pin fall edge)
                                                      5.000     5.000 f  
    R2                                                0.000     5.000 f  CLK100MHZ (IN)
                         net (fo=0)                   0.000     5.000    CLK100MHZ
    R2                   IBUF (Prop_ibuf_I_O)         0.375     5.375 f  CLK100MHZ_IBUF_inst/O
                         net (fo=1, routed)           0.683     6.058    CLK100MHZ_IBUF
    BUFGCTRL_X0Y0        BUFG (Prop_bufg_I_O)         0.029     6.087 f  CLK100MHZ_IBUF_BUFG_inst/O
                         net (fo=3631, routed)        0.854     6.942    cpu/my_regfile/CLK100MHZ_IBUF_BUFG
    SLICE_X1Y64          FDRE                                         r  cpu/my_regfile/regs_reg[28][0]/C  (IS_INVERTED)

Slack:                    inf
  Source:                 btn[0]
                            (input port)
  Destination:            cpu/my_regfile/regs_reg[28][1]/R
                            (falling edge-triggered cell FDRE clocked by sys_clk_pin  {rise@0.000ns fall@5.000ns period=10.000ns})
  Path Group:             (none)
  Path Type:              Hold (Min at Fast Process Corner)
  Data Path Delay:        0.689ns  (logic 0.228ns (33.070%)  route 0.461ns (66.930%))
  Logic Levels:           1  (IBUF=1)
  Clock Path Skew:        1.942ns (DCD - SCD - CPR)
    Destination Clock Delay (DCD):    1.942ns = ( 6.942 - 5.000 ) 
    Source Clock Delay      (SCD):    0.000ns
    Clock Pessimism Removal (CPR):    -0.000ns

    Location             Delay type                Incr(ns)  Path(ns)    Netlist Resource(s)
  -------------------------------------------------------------------    -------------------
    G15                                               0.000     0.000 r  btn[0] (IN)
                         net (fo=0)                   0.000     0.000    btn[0]
    G15                  IBUF (Prop_ibuf_I_O)         0.228     0.228 r  btn_IBUF[0]_inst/O
                         net (fo=1435, routed)        0.461     0.689    cpu/my_regfile/btn_IBUF[0]
    SLICE_X1Y64          FDRE                                         r  cpu/my_regfile/regs_reg[28][1]/R
  -------------------------------------------------------------------    -------------------

                         (clock sys_clk_pin fall edge)
                                                      5.000     5.000 f  
    R2                                                0.000     5.000 f  CLK100MHZ (IN)
                         net (fo=0)                   0.000     5.000    CLK100MHZ
    R2                   IBUF (Prop_ibuf_I_O)         0.375     5.375 f  CLK100MHZ_IBUF_inst/O
                         net (fo=1, routed)           0.683     6.058    CLK100MHZ_IBUF
    BUFGCTRL_X0Y0        BUFG (Prop_bufg_I_O)         0.029     6.087 f  CLK100MHZ_IBUF_BUFG_inst/O
                         net (fo=3631, routed)        0.854     6.942    cpu/my_regfile/CLK100MHZ_IBUF_BUFG
    SLICE_X1Y64          FDRE                                         r  cpu/my_regfile/regs_reg[28][1]/C  (IS_INVERTED)

Slack:                    inf
  Source:                 btn[0]
                            (input port)
  Destination:            cpu/my_regfile/regs_reg[8][0]/R
                            (falling edge-triggered cell FDRE clocked by sys_clk_pin  {rise@0.000ns fall@5.000ns period=10.000ns})
  Path Group:             (none)
  Path Type:              Hold (Min at Fast Process Corner)
  Data Path Delay:        0.693ns  (logic 0.228ns (32.862%)  route 0.465ns (67.138%))
  Logic Levels:           1  (IBUF=1)
  Clock Path Skew:        1.942ns (DCD - SCD - CPR)
    Destination Clock Delay (DCD):    1.942ns = ( 6.942 - 5.000 ) 
    Source Clock Delay      (SCD):    0.000ns
    Clock Pessimism Removal (CPR):    -0.000ns

    Location             Delay type                Incr(ns)  Path(ns)    Netlist Resource(s)
  -------------------------------------------------------------------    -------------------
    G15                                               0.000     0.000 r  btn[0] (IN)
                         net (fo=0)                   0.000     0.000    btn[0]
    G15                  IBUF (Prop_ibuf_I_O)         0.228     0.228 r  btn_IBUF[0]_inst/O
                         net (fo=1435, routed)        0.465     0.693    cpu/my_regfile/btn_IBUF[0]
    SLICE_X0Y64          FDRE                                         r  cpu/my_regfile/regs_reg[8][0]/R
  -------------------------------------------------------------------    -------------------

                         (clock sys_clk_pin fall edge)
                                                      5.000     5.000 f  
    R2                                                0.000     5.000 f  CLK100MHZ (IN)
                         net (fo=0)                   0.000     5.000    CLK100MHZ
    R2                   IBUF (Prop_ibuf_I_O)         0.375     5.375 f  CLK100MHZ_IBUF_inst/O
                         net (fo=1, routed)           0.683     6.058    CLK100MHZ_IBUF
    BUFGCTRL_X0Y0        BUFG (Prop_bufg_I_O)         0.029     6.087 f  CLK100MHZ_IBUF_BUFG_inst/O
                         net (fo=3631, routed)        0.854     6.942    cpu/my_regfile/CLK100MHZ_IBUF_BUFG
    SLICE_X0Y64          FDRE                                         r  cpu/my_regfile/regs_reg[8][0]/C  (IS_INVERTED)

Slack:                    inf
  Source:                 btn[0]
                            (input port)
  Destination:            cpu/my_regfile/regs_reg[8][1]/R
                            (falling edge-triggered cell FDRE clocked by sys_clk_pin  {rise@0.000ns fall@5.000ns period=10.000ns})
  Path Group:             (none)
  Path Type:              Hold (Min at Fast Process Corner)
  Data Path Delay:        0.693ns  (logic 0.228ns (32.862%)  route 0.465ns (67.138%))
  Logic Levels:           1  (IBUF=1)
  Clock Path Skew:        1.942ns (DCD - SCD - CPR)
    Destination Clock Delay (DCD):    1.942ns = ( 6.942 - 5.000 ) 
    Source Clock Delay      (SCD):    0.000ns
    Clock Pessimism Removal (CPR):    -0.000ns

    Location             Delay type                Incr(ns)  Path(ns)    Netlist Resource(s)
  -------------------------------------------------------------------    -------------------
    G15                                               0.000     0.000 r  btn[0] (IN)
                         net (fo=0)                   0.000     0.000    btn[0]
    G15                  IBUF (Prop_ibuf_I_O)         0.228     0.228 r  btn_IBUF[0]_inst/O
                         net (fo=1435, routed)        0.465     0.693    cpu/my_regfile/btn_IBUF[0]
    SLICE_X0Y64          FDRE                                         r  cpu/my_regfile/regs_reg[8][1]/R
  -------------------------------------------------------------------    -------------------

                         (clock sys_clk_pin fall edge)
                                                      5.000     5.000 f  
    R2                                                0.000     5.000 f  CLK100MHZ (IN)
                         net (fo=0)                   0.000     5.000    CLK100MHZ
    R2                   IBUF (Prop_ibuf_I_O)         0.375     5.375 f  CLK100MHZ_IBUF_inst/O
                         net (fo=1, routed)           0.683     6.058    CLK100MHZ_IBUF
    BUFGCTRL_X0Y0        BUFG (Prop_bufg_I_O)         0.029     6.087 f  CLK100MHZ_IBUF_BUFG_inst/O
                         net (fo=3631, routed)        0.854     6.942    cpu/my_regfile/CLK100MHZ_IBUF_BUFG
    SLICE_X0Y64          FDRE                                         r  cpu/my_regfile/regs_reg[8][1]/C  (IS_INVERTED)





